code,player,club,position,xmins,tm_id,tm_name,tm_pos,tm_dob,current_injury,match_score,match_route,pos_agrees,expected_games_missed_2627,current_injury_games,seasons_of_history,career_games_missed,career_days_out,spells,first_spell,days_out_L1,days_out_L2,days_out_L3,days_illness_L1_3,days_joint_L1_3,days_muscle_L1_3,days_impact_L1_3,days_back_L1_3,days_other_L1_3
224967,Vitalii Mykolenko,EVE,DEF,3004.0,404842,Vitaliy Mykolenko,DEF,1999-05-29,,92.0,2026/27 club squad,True,9.7,,5.0,47,331,23,2019-05-16,47.0,84.0,59.0,19.0,72.0,71.0,11.0,0.0,17.0
494595,Florian Wirtz,LIV,MID,2902.0,598577,Florian Wirtz,MID,2003-05-03,,100.0,2026/27 club squad,True,9.22,,5.0,81,488,21,2019-07-18,24.0,33.0,15.0,4.0,30.0,11.0,12.0,12.0,3.0
231416,Ferdi Kadioglu,BHA,DEF,3198.0,369316,Ferdi Kadıoğlu,DEF,1999-10-07,,92.85714285714286,2026/27 club squad,True,9.22,,5.0,82,484,22,2016-09-15,16.0,253.0,47.0,0.0,0.0,38.0,11.0,0.0,267.0
199796,Matty Cash,AVL,DEF,3342.0,425334,Matty Cash,DEF,1997-08-07,,100.0,2026/27 club squad,True,9.22,,5.0,56,317,14,2016-09-11,19.0,80.0,58.0,3.0,13.0,133.0,0.0,0.0,8.0
441264,Brian Brobbey,SUN,FWD,2884.0,473169,Brian Brobbey,FWD,2002-02-01,,100.0,2026/27 club squad,True,8.73,,5.0,64,460,20,2019-08-08,38.0,22.0,59.0,4.0,21.0,64.0,6.0,0.0,24.0
445122,Jurriën Timber,ARS,DEF,2878.0,420243,Jurriën Timber,DEF,2001-06-17,Groin injury - Return unknown,100.0,2026/27 club squad,True,8.73,,5.0,93,553,18,2020-10-17,87.0,48.0,253.0,6.0,310.0,61.0,7.0,0.0,4.0
466525,Anton Stach,LEE,MID,2964.0,344069,Anton Stach,MID,1998-11-15,,100.0,2026/27 club squad,True,8.73,,5.0,37,272,13,2018-04-16,64.0,20.0,0.0,3.0,31.0,4.0,30.0,16.0,0.0
223723,Takehiro Tomiyasu,CRY,DEF,2822.0,331560,Takehiro Tomiyasu,DEF,1998-11-05,,100.0,2026/27 club squad,True,8.73,,5.0,142,892,16,2018-11-17,152.0,342.0,74.0,0.0,436.0,93.0,0.0,0.0,39.0
177815,Dominic Calvert-Lewin,LEE,FWD,3084.0,306024,Dominic Calvert-Lewin,FWD,1997-03-16,,100.0,2026/27 club squad,True,8.73,,5.0,110,729,18,2017-01-02,15.0,110.0,51.0,11.0,10.0,100.0,26.0,0.0,29.0
116535,Alisson Becker,LIV,GKP,3385.0,105470,Alisson,GKP,1992-10-02,,95.0,2026/27 club squad,True,8.73,,5.0,107,549,20,2015-06-29,122.0,127.0,75.0,9.0,0.0,291.0,18.0,0.0,6.0
480455,Jarrad Branthwaite,EVE,DEF,3203.0,661053,Jarrad Branthwaite,DEF,2002-06-27,,100.0,2026/27 club squad,True,8.25,,5.0,65,478,12,2020-09-16,211.0,138.0,0.0,0.0,0.0,344.0,0.0,0.0,5.0
441191,Tino Livramento,NEW,DEF,3215.0,503981,Tino Livramento,DEF,2002-11-12,Knee injury - Return unknown,100.0,2026/27 club squad,True,8.25,,5.0,100,677,11,2022-01-06,185.0,6.0,56.0,15.0,132.0,100.0,0.0,0.0,0.0
106760,Luke Shaw,MUN,DEF,2992.0,183288,Luke Shaw,DEF,1995-07-12,,100.0,2026/27 club squad,True,8.25,,5.0,313,1710,34,2013-02-04,5.0,310.0,239.0,5.0,81.0,452.0,0.0,0.0,16.0
467779,Mats Wieffer,BHA,DEF,2787.0,415381,Mats Wieffer,DEF,1999-11-16,,100.0,2026/27 club squad,True,7.76,,5.0,49,323,10,2020-09-11,65.0,105.0,65.0,3.0,18.0,92.0,0.0,0.0,122.0
244851,Cole Palmer,CHE,MID,2884.0,568177,Cole Palmer,MID,2002-05-06,,100.0,2026/27 club squad,True,7.76,,5.0,56,258,11,2021-01-06,114.0,26.0,4.0,4.0,0.0,123.0,17.0,0.0,0.0
223827,Dan Ballard,SUN,DEF,2867.0,503686,Dan Ballard,DEF,1999-09-22,,100.0,2026/27 club squad,True,7.76,,5.0,113,752,10,2019-08-13,54.0,174.0,3.0,0.0,109.0,122.0,0.0,0.0,0.0
180736,Trevoh Chalobah,CHE,DEF,2780.0,346314,Trevoh Chalobah,DEF,1999-07-05,,100.0,league-wide fall-back,True,7.76,,5.0,65,399,13,2017-07-10,32.0,72.0,192.0,0.0,32.0,212.0,0.0,13.0,39.0
223094,Erling Haaland,MCI,FWD,3204.0,418560,Erling Haaland,FWD,2000-07-21,,100.0,2026/27 club squad,True,7.76,,5.0,68,360,23,2018-10-29,4.0,42.0,73.0,0.0,52.0,9.0,4.0,0.0,54.0
462424,William Saliba,ARS,DEF,3278.0,495666,William Saliba,DEF,2001-03-24,Back injury - Return unknown,100.0,2026/27 club squad,True,7.27,,5.0,55,407,11,2019-05-23,55.0,8.0,11.0,6.0,34.0,8.0,15.0,0.0,11.0
444102,Evanilson,BOU,FWD,2662.0,711337,Evanilson,FWD,1999-10-06,,100.0,2026/27 club squad,True,7.27,,5.0,33,213,10,2020-09-25,15.0,48.0,45.0,0.0,18.0,42.0,48.0,0.0,0.0
200785,Tyler Adams,BOU,MID,2633.0,332705,Tyler Adams,MID,1999-02-14,,100.0,2026/27 club squad,True,7.27,,5.0,122,717,18,2018-09-25,84.0,93.0,190.0,0.0,64.0,187.0,0.0,116.0,0.0
220566,Rodri,MCI,MID,2804.0,357565,Rodri,MID,1996-06-22,Back injury - Return unknown,100.0,2026/27 club squad,True,7.27,,5.0,88,458,11,2019-10-22,134.0,282.0,0.0,0.0,248.0,149.0,0.0,0.0,19.0
221820,Lisandro Martínez,MUN,DEF,3089.0,480762,Lisandro Martínez,DEF,1998-01-18,,100.0,2026/27 club squad,True,7.27,,5.0,120,734,12,2019-07-05,189.0,151.0,191.0,0.0,347.0,75.0,0.0,3.0,106.0
223340,Bukayo Saka,ARS,MID,2827.0,433177,Bukayo Saka,FWD,2001-09-05,,100.0,2026/27 club squad,False,7.27,,5.0,49,258,13,2020-02-03,68.0,114.0,44.0,0.0,0.0,167.0,0.0,13.0,46.0
532529,Jack Hinshelwood,BHA,MID,2782.0,867688,Jack Hinshelwood,MID,2005-04-11,,100.0,2026/27 club squad,True,7.19,,3.0,47,342,5,2024-02-04,84.0,110.0,148.0,3.0,147.0,0.0,192.0,0.0,0.0
98980,Emiliano Martínez,AVL,GKP,3385.0,111873,Emiliano Martínez,GKP,1992-09-02,,100.0,2026/27 club squad,True,6.79,,5.0,9,46,8,2022-05-20,27.0,9.0,0.0,0.0,0.0,24.0,3.0,0.0,9.0
201658,Marcus Tavernier,BOU,MID,3061.0,399434,Marcus Tavernier,MID,1999-03-22,,100.0,2026/27 club squad,True,6.79,,5.0,37,299,7,2022-11-13,35.0,62.0,29.0,0.0,0.0,111.0,0.0,0.0,15.0
430871,Matheus Cunha,MUN,MID,2616.0,517894,Matheus Cunha,FWD,1999-05-27,,100.0,2026/27 club squad,False,6.79,,5.0,43,270,15,2020-01-19,46.0,0.0,58.0,0.0,0.0,90.0,14.0,0.0,0.0
240514,Kjell Scherpen,IPS,GKP,3317.0,463527,Kjell Scherpen,GKP,2000-01-23,,100.0,2026/27 club squad,True,6.79,,5.0,42,357,8,2021-07-24,45.0,36.0,195.0,3.0,228.0,27.0,18.0,0.0,0.0
448047,Enzo Fernández,CHE,MID,3146.0,648195,Enzo Fernández,MID,2001-01-17,,100.0,2026/27 club squad,True,6.79,,5.0,14,85,7,2023-12-19,20.0,11.0,54.0,3.0,20.0,37.0,8.0,0.0,17.0
128295,Christian Nørgaard,EVE,MID,2804.0,148367,Christian Nørgaard,MID,1994-03-10,,100.0,2026/27 club squad,True,6.79,,5.0,107,603,14,2012-09-24,36.0,35.0,65.0,0.0,0.0,0.0,52.0,39.0,45.0
444765,Sepp van den Berg,BRE,DEF,2947.0,541231,Sepp van den Berg,DEF,2001-12-20,,100.0,2026/27 club squad,True,6.79,,5.0,33,359,9,2018-09-24,11.0,42.0,42.0,0.0,29.0,55.0,11.0,0.0,0.0
166989,Youri Tielemans,MUN,MID,2764.0,249565,Youri Tielemans,MID,1997-05-07,,100.0,2026/27 club squad,True,6.79,,5.0,65,335,10,2016-09-16,112.0,16.0,70.0,0.0,57.0,141.0,0.0,0.0,0.0
154566,Dominic Solanke,TOT,FWD,2747.0,258889,Dominic Solanke,FWD,1997-09-14,,100.0,2026/27 club squad,True,6.79,,5.0,91,487,14,2016-02-04,164.0,73.0,0.0,4.0,204.0,29.0,0.0,0.0,0.0
491279,Micky van de Ven,TOT,DEF,3089.0,557459,Micky van de Ven,DEF,2001-04-19,,100.0,2026/27 club squad,True,6.79,,5.0,71,403,13,2020-09-03,7.0,134.0,76.0,0.0,12.0,198.0,7.0,0.0,0.0
533463,Dango Ouattara,BRE,MID,2878.0,823231,Dango Ouattara,FWD,2002-02-11,,100.0,2026/27 club squad,False,6.3,,5.0,34,246,7,2021-08-20,49.0,82.0,73.0,0.0,65.0,106.0,22.0,0.0,11.0
159506,Ola Aina,NFO,DEF,2953.0,236490,Ola Aina,DEF,1996-10-08,,100.0,2026/27 club squad,True,6.3,,5.0,65,386,11,2018-09-03,142.0,26.0,32.0,0.0,0.0,143.0,25.0,0.0,32.0
215059,Robert Sánchez,CHE,GKP,3181.0,403151,Robert Sánchez,GKP,1997-11-18,,100.0,2026/27 club squad,True,6.3,,5.0,34,171,6,2023-05-13,13.0,0.0,141.0,8.0,67.0,4.0,9.0,0.0,66.0
176412,Haji Wright,COV,FWD,2656.0,315291,Haji Wright,FWD,1998-03-27,,100.0,2026/27 club squad,True,6.3,,5.0,61,348,11,2016-08-12,62.0,119.0,0.0,0.0,106.0,29.0,0.0,0.0,46.0
427623,Chris Richards,CRY,DEF,3283.0,578539,Chris Richards,DEF,2000-03-28,,100.0,2026/27 club squad,True,6.3,,5.0,58,427,13,2019-06-10,19.0,49.0,19.0,0.0,24.0,49.0,0.0,0.0,14.0
477424,Josko Gvardiol,MCI,DEF,3038.0,475959,Josko Gvardiol,DEF,2002-01-23,,100.0,2026/27 club squad,True,6.3,,5.0,46,274,8,2021-03-08,150.0,0.0,30.0,0.0,23.0,7.0,118.0,0.0,32.0
226597,Gabriel Magalhães,ARS,DEF,3283.0,435338,Gabriel,DEF,1997-12-19,,100.0,2026/27 club squad,True,6.3,,5.0,40,302,9,2019-08-01,67.0,109.0,0.0,0.0,30.0,146.0,0.0,0.0,0.0
432422,Sandro Tonali,TOT,MID,2918.0,397033,Sandro Tonali,MID,2000-05-08,,100.0,2026/27 club squad,True,6.3,,5.0,15,112,15,2020-02-10,28.0,0.0,0.0,5.0,0.0,23.0,0.0,0.0,0.0
200834,Nordi Mukiele,SUN,DEF,3312.0,348026,Nordi Mukiele,DEF,1997-11-01,,100.0,2026/27 club squad,True,6.3,,5.0,38,273,9,2019-11-10,31.0,65.0,0.0,0.0,0.0,87.0,0.0,0.0,9.0
210462,Ibrahim Sangaré,NFO,MID,2998.0,375885,Ibrahim Sangaré,MID,1997-12-02,,100.0,2026/27 club squad,True,6.3,,5.0,46,252,8,2018-10-20,12.0,129.0,8.0,0.0,8.0,129.0,0.0,0.0,12.0
465351,Matheus Nunes,MCI,DEF,2896.0,601883,Matheus Nunes,DEF,1998-08-27,,100.0,2026/27 club squad,True,5.82,,5.0,14,71,6,2021-03-17,4.0,24.0,21.0,4.0,0.0,21.0,0.0,0.0,24.0
475168,João Pedro,CHE,FWD,2890.0,626724,João Pedro,FWD,2001-09-26,,100.0,2026/27 club squad,True,5.82,,5.0,27,168,6,2019-07-21,8.0,8.0,55.0,0.0,8.0,63.0,0.0,0.0,0.0
469142,Jan Paul van Hecke,TOT,DEF,3181.0,576314,Jan Paul van Hecke,DEF,2000-06-08,,100.0,2026/27 club squad,True,5.82,,5.0,12,79,5,2024-04-26,9.0,39.0,31.0,4.0,0.0,60.0,15.0,0.0,0.0
122806,John McGinn,AVL,MID,2844.0,193116,John McGinn,MID,1994-10-18,,100.0,2026/27 club squad,True,5.82,,5.0,51,421,12,2014-09-02,55.0,31.0,0.0,0.0,51.0,35.0,0.0,0.0,0.0
484420,Enzo Le Fée,SUN,MID,3324.0,633992,Enzo Le Fée,MID,2000-02-03,,100.0,2026/27 club squad,True,5.82,,5.0,20,130,5,2023-03-26,8.0,40.0,56.0,0.0,40.0,48.0,0.0,0.0,16.0
153682,Harry Wilson,LEE,MID,2810.0,279455,Harry Wilson,FWD,1997-03-22,,100.0,2026/27 club squad,False,5.82,,5.0,46,281,11,2018-08-11,26.0,82.0,14.0,0.0,13.0,0.0,95.0,0.0,14.0
232185,Ismaïla Sarr,CRY,MID,3135.0,410225,Ismaïla Sarr,FWD,1998-02-25,,100.0,2026/27 club squad,False,5.82,,5.0,62,347,11,2017-09-28,33.0,6.0,58.0,6.0,12.0,58.0,0.0,0.0,21.0
499604,Rayan,BOU,MID,2861.0,1012564,Rayan,FWD,2006-08-03,,100.0,2026/27 club squad,False,5.53,,1.0,1,12,1,2025-10-21,12.0,0.0,0.0,0.0,0.0,12.0,0.0,0.0,0.0
487838,Lewis Hall,NEW,DEF,2702.0,670858,Lewis Hall,DEF,2004-09-08,,100.0,2026/27 club squad,True,5.36,,3.0,34,190,2,2025-02-27,66.0,124.0,0.0,0.0,157.0,33.0,0.0,0.0,0.0
204480,Declan Rice,ARS,MID,3106.0,357662,Declan Rice,MID,1999-01-14,,100.0,2026/27 club squad,True,5.33,,5.0,14,90,7,2019-04-28,5.0,24.0,0.0,0.0,5.0,8.0,16.0,0.0,0.0
201895,Omar Alderete,SUN,DEF,3067.0,353032,Omar Alderete,DEF,1996-12-26,,100.0,2026/27 club squad,True,5.33,,5.0,20,118,8,2019-09-24,25.0,14.0,0.0,0.0,4.0,0.0,25.0,10.0,0.0
441266,Ryan Gravenberch,LIV,MID,2964.0,478573,Ryan Gravenberch,MID,2002-05-16,,100.0,2026/27 club squad,True,5.33,,5.0,25,138,7,2020-09-19,10.0,17.0,19.0,0.0,29.0,0.0,0.0,0.0,17.0
174874,Joachim Andersen,FUL,DEF,3032.0,260827,Joachim Andersen,DEF,1996-05-31,,100.0,2026/27 club squad,True,5.33,,5.0,27,183,9,2016-04-29,17.0,26.0,0.0,4.0,0.0,13.0,0.0,0.0,26.0
508395,Yehor Yarmoliuk,BRE,MID,2987.0,717411,Yegor Yarmolyuk,MID,2004-03-01,unknown injury - Return unknown,86.66666666666667,2026/27 club squad,True,5.33,,4.0,13,143,4,2023-03-15,44.0,0.0,0.0,0.0,0.0,0.0,5.0,0.0,39.0
568420,Ousmane Diomande,NFO,DEF,2861.0,974982,Ousmane Diomande,DEF,2003-12-04,,100.0,2026/27 club squad,True,5.33,,4.0,17,88,4,2024-10-02,60.0,28.0,0.0,0.0,22.0,60.0,0.0,0.0,6.0
496221,Adam Wharton,CRY,MID,3158.0,744149,Adam Wharton,MID,2004-02-06,,100.0,2026/27 club squad,True,5.33,,4.0,24,116,4,2024-11-01,16.0,100.0,0.0,8.0,7.0,101.0,0.0,0.0,0.0
97032,Virgil van Dijk,LIV,DEF,3340.0,139208,Virgil van Dijk,DEF,1991-07-08,,100.0,2026/27 club squad,True,5.33,,5.0,125,727,18,2012-03-29,0.0,3.0,4.0,4.0,0.0,0.0,0.0,0.0,3.0
209036,Marc Guéhi,MCI,DEF,2611.0,392757,Marc Guéhi,DEF,2000-07-13,,100.0,2026/27 club squad,True,5.33,,5.0,22,151,5,2021-03-09,16.0,27.0,97.0,0.0,105.0,0.0,27.0,8.0,0.0
172649,Dean Henderson,CRY,GKP,3385.0,258919,Dean Henderson,GKP,1997-03-12,,100.0,2026/27 club squad,True,5.33,,5.0,52,322,6,2021-06-14,8.0,4.0,80.0,12.0,0.0,80.0,0.0,0.0,0.0
178301,Ollie Watkins,AVL,FWD,2679.0,324358,Ollie Watkins,FWD,1995-12-30,,100.0,2026/27 club squad,True,5.33,,5.0,6,50,4,2024-09-03,9.0,41.0,0.0,0.0,19.0,31.0,0.0,0.0,0.0
539142,Aurèle Amenda,COV,DEF,2725.0,635645,Aurèle Amenda,DEF,2003-07-31,,100.0,2026/27 club squad,True,5.33,,5.0,14,149,3,2024-06-05,0.0,123.0,26.0,0.0,70.0,79.0,0.0,0.0,0.0
455084,Leif Davis,IPS,DEF,3186.0,596446,Leif Davis,DEF,1999-12-31,,100.0,2026/27 club squad,True,5.33,,5.0,4,20,4,2023-09-17,5.0,9.0,6.0,0.0,6.0,5.0,9.0,0.0,0.0
247348,Daniel Muñoz,CRY,DEF,3055.0,493003,Daniel Muñoz,DEF,1996-05-26,,100.0,2026/27 club squad,True,5.33,,5.0,18,85,4,2023-04-02,57.0,0.0,4.0,4.0,45.0,0.0,0.0,0.0,12.0
199798,Ezri Konsa,AVL,DEF,3340.0,413403,Ezri Konsa,DEF,1997-10-23,,100.0,2026/27 club squad,True,5.33,,5.0,11,133,7,2019-08-05,0.0,17.0,27.0,0.0,27.0,14.0,0.0,3.0,0.0
215136,Neco Williams,NFO,DEF,3331.0,503680,Neco Williams,DEF,2001-04-13,,100.0,2026/27 club squad,True,5.33,,5.0,20,172,12,2019-01-11,0.0,25.0,65.0,0.0,25.0,35.0,0.0,0.0,30.0
465642,Malick Thiaw,NEW,DEF,3243.0,521964,Malick Thiaw,DEF,2001-08-08,,100.0,2026/27 club squad,True,5.33,,5.0,29,166,8,2021-05-11,0.0,36.0,85.0,0.0,22.0,93.0,0.0,0.0,6.0
502500,Igor Thiago,BRE,FWD,3209.0,739443,Igor Thiago,FWD,2001-06-26,,100.0,2026/27 club squad,True,5.33,,5.0,42,344,5,2021-01-16,0.0,273.0,62.0,0.0,322.0,0.0,0.0,0.0,13.0
522047,Tarik Muharemović,LEE,DEF,3209.0,679423,Tarik Muharemović,DEF,2003-02-28,,100.0,2026/27 club squad,True,5.33,,5.0,38,271,5,2021-10-10,12.0,0.0,0.0,0.0,0.0,0.0,0.0,0.0,12.0
243526,Gabriel Gudmundsson,LEE,DEF,2770.0,362108,Gabriel Gudmundsson,DEF,1999-04-29,,100.0,2026/27 club squad,True,4.85,,5.0,41,322,8,2019-10-26,31.0,0.0,0.0,0.0,0.0,31.0,0.0,0.0,0.0
208706,Bruno Guimarães,ARS,MID,2816.0,520624,Bruno Guimarães,MID,1997-11-16,,100.0,2026/27 club squad,True,4.85,,5.0,22,117,4,2021-01-01,63.0,0.0,0.0,0.0,0.0,63.0,0.0,0.0,0.0
441302,Ian Maatsen,AVL,DEF,3004.0,485585,Ian Maatsen,DEF,2002-03-10,,100.0,2026/27 club squad,True,4.85,,5.0,9,44,4,2022-01-04,0.0,4.0,3.0,4.0,0.0,0.0,0.0,0.0,3.0
592031,Yankuba Minteh,BHA,MID,2713.0,1012534,Yankuba Minteh,FWD,2004-07-22,Foot injury - Return unknown,100.0,2026/27 club squad,False,4.85,,4.0,14,75,4,2023-10-21,9.0,28.0,35.0,0.0,0.0,72.0,0.0,0.0,0.0
477555,Oscar Bobb,FUL,MID,2645.0,661207,Oscar Bobb,FWD,2003-07-12,,100.0,2026/27 club squad,False,4.85,,5.0,65,282,3,2024-08-14,52.0,230.0,0.0,0.0,0.0,52.0,200.0,0.0,30.0
195546,Emiliano Buendía,AVL,MID,2776.0,321247,Emiliano Buendía,FWD,1996-12-25,,100.0,2026/27 club squad,False,4.85,,5.0,94,520,6,2016-07-29,12.0,1.0,327.0,0.0,328.0,0.0,0.0,0.0,12.0
463067,Georginio Rutter,BHA,FWD,2611.0,538977,Georginio Rutter,FWD,2002-04-20,,100.0,2026/27 club squad,True,4.85,,5.0,15,126,5,2021-02-01,9.0,57.0,0.0,0.0,0.0,4.0,5.0,0.0,57.0
434399,Reinildo Mandava,SUN,DEF,3067.0,240692,Reinildo Mandava,DEF,1994-01-21,,100.0,2026/27 club squad,True,4.85,,5.0,46,306,3,2021-11-19,29.0,0.0,148.0,0.0,177.0,0.0,0.0,0.0,0.0
214225,Joe Rodon,LEE,DEF,3272.0,297212,Joe Rodon,DEF,1997-10-22,,100.0,2026/27 club squad,True,4.85,,5.0,44,215,7,2019-01-19,21.0,0.0,0.0,0.0,21.0,0.0,0.0,0.0,0.0
463981,James Hill,BOU,DEF,3340.0,611793,James Hill,DEF,2002-01-10,,100.0,2026/27 club squad,True,4.85,,5.0,41,265,4,2021-11-10,0.0,35.0,47.0,0.0,47.0,35.0,0.0,0.0,0.0
441164,Pedro Porro,TOT,DEF,3084.0,553875,Pedro Porro,DEF,1999-09-13,,100.0,2026/27 club squad,True,4.85,,5.0,50,286,13,2019-06-10,35.0,0.0,19.0,0.0,0.0,54.0,0.0,0.0,0.0
424876,Dominik Szoboszlai,LIV,MID,3344.0,451276,Dominik Szoboszlai,MID,2000-10-25,,100.0,2026/27 club squad,True,4.85,,5.0,55,288,6,2018-08-17,0.0,7.0,56.0,7.0,0.0,56.0,0.0,0.0,0.0
498016,Robin Roefs,SUN,GKP,3420.0,646991,Robin Roefs,GKP,2003-01-17,,100.0,2026/27 club squad,True,4.85,,5.0,27,196,3,2023-01-01,32.0,19.0,0.0,0.0,0.0,32.0,0.0,0.0,19.0
85633,Matz Sels,NFO,GKP,3385.0,127202,Matz Sels,GKP,1992-02-26,,100.0,2026/27 club squad,True,4.85,,5.0,28,234,4,2020-07-15,36.0,8.0,0.0,0.0,0.0,44.0,0.0,0.0,0.0
17761,James Tarkowski,EVE,DEF,3266.0,173504,James Tarkowski,DEF,1992-11-19,,100.0,2026/27 club squad,True,4.85,,5.0,28,267,10,2015-02-10,19.0,71.0,0.0,0.0,0.0,85.0,0.0,0.0,5.0
227444,Nikola Milenkovic,NFO,DEF,3312.0,413507,Nikola Milenković,DEF,1997-10-12,,100.0,2026/27 club squad,True,4.85,,5.0,14,64,8,2019-01-27,0.0,0.0,0.0,0.0,0.0,0.0,0.0,0.0,0.0
575476,Murillo,NFO,DEF,3101.0,1005649,Murillo,DEF,2002-07-04,,100.0,2026/27 club squad,True,4.85,,5.0,11,70,3,2024-12-28,61.0,9.0,0.0,0.0,0.0,53.0,0.0,17.0,0.0
199598,Ethan Ampadu,LEE,MID,3207.0,392771,Ethan Ampadu,MID,2000-09-14,,100.0,2026/27 club squad,True,4.85,,5.0,74,507,11,2018-02-23,11.0,118.0,0.0,0.0,129.0,0.0,0.0,0.0,0.0
607464,Michael Kayode,BRE,DEF,3192.0,823486,Michael Kayode,DEF,2004-07-10,,100.0,2026/27 club squad,True,4.85,,4.0,12,66,3,2023-10-26,4.0,27.0,35.0,0.0,27.0,0.0,4.0,0.0,35.0
472769,Nico O'Reilly,MCI,DEF,2753.0,743413,Nico O'Reilly,DEF,2005-03-21,,100.0,2026/27 club squad,True,4.76,,3.0,15,175,2,2023-08-01,6.0,0.0,169.0,0.0,6.0,0.0,0.0,0.0,169.0
503139,Alex Scott,BOU,MID,3175.0,855256,Alex Scott,MID,2003-08-21,,100.0,2026/27 club squad,True,4.36,,4.0,32,184,2,2023-08-01,0.0,115.0,69.0,0.0,184.0,0.0,0.0,0.0,0.0
232928,James Garner,EVE,MID,3310.0,505219,James Garner,MID,2001-03-13,,100.0,2026/27 club squad,True,4.36,,5.0,24,201,3,2019-08-30,0.0,99.0,0.0,0.0,0.0,0.0,0.0,99.0,0.0
473284,Konstantinos Tzolakis,HUL,GKP,3385.0,554389,Konstantinos Tzolakis,GKP,2002-11-08,,100.0,2026/27 club squad,True,4.36,,5.0,3,29,4,2020-08-22,0.0,3.0,0.0,0.0,0.0,0.0,0.0,0.0,3.0
141746,Bruno Fernandes,MUN,MID,3342.0,240306,Bruno Fernandes,MID,1994-09-08,,100.0,2026/27 club squad,True,4.36,,5.0,8,46,5,2017-01-05,16.0,0.0,13.0,0.0,13.0,16.0,0.0,0.0,0.0
494521,Adrien Truffert,BOU,DEF,3266.0,654539,Adrien Truffert,DEF,2001-11-20,,100.0,2026/27 club squad,True,4.36,,5.0,16,131,4,2020-09-25,0.0,0.0,16.0,0.0,0.0,16.0,0.0,0.0,0.0
489639,Bart Verbruggen,BHA,GKP,3385.0,565093,Bart Verbruggen,GKP,2002-08-18,,100.0,2026/27 club squad,True,4.36,,5.0,0,8,2,2023-03-23,5.0,0.0,0.0,0.0,0.0,0.0,0.0,5.0,0.0
215413,Kiernan Dewsbury-Hall,EVE,MID,3152.0,475188,Kiernan Dewsbury-Hall,MID,1998-09-06,,100.0,2026/27 club squad,True,4.36,,5.0,13,67,3,2022-04-29,39.0,23.0,0.0,0.0,0.0,39.0,23.0,0.0,0.0
153133,Alex Iwobi,FUL,MID,3152.0,242631,Alex Iwobi,FWD,1996-05-03,,100.0,2026/27 club squad,False,4.36,,5.0,24,162,8,2016-08-14,27.0,0.0,27.0,0.0,0.0,54.0,0.0,0.0,0.0
232892,Calvin Bassey,FUL,DEF,3141.0,461883,Calvin Bassey,DEF,1999-12-31,,100.0,2026/27 club squad,True,4.36,,5.0,5,22,3,2021-02-14,8.0,0.0,4.0,4.0,0.0,0.0,0.0,8.0,0.0
200720,Caoimhín Kelleher,BRE,GKP,3385.0,340918,Caoimhín Kelleher,GKP,1998-11-23,,100.0,2026/27 club squad,True,4.36,,5.0,15,121,3,2021-10-22,0.0,4.0,0.0,4.0,0.0,0.0,0.0,0.0,0.0
232351,Ryan Giles,HUL,DEF,2787.0,504581,Ryan Giles,DEF,2000-01-26,,100.0,2026/27 club squad,True,4.36,,5.0,15,79,2,2025-12-30,79.0,0.0,0.0,0.0,0.0,79.0,0.0,0.0,0.0
437730,Antoine Semenyo,MCI,MID,3106.0,583255,Antoine Semenyo,FWD,2000-01-07,,100.0,2026/27 club squad,False,4.36,,5.0,17,178,5,2021-05-07,4.0,0.0,10.0,4.0,0.0,10.0,0.0,0.0,0.0
513418,Kevin Schade,BRE,MID,2804.0,473050,Kevin Schade,FWD,2001-11-27,,100.0,2026/27 club squad,False,4.36,,5.0,80,466,4,2021-01-04,0.0,0.0,201.0,0.0,0.0,201.0,0.0,0.0,0.0
494928,Juanlu Sánchez,BOU,DEF,3098.0,676042,Juanlu Sánchez,DEF,2003-08-15,,100.0,2026/27 club squad,True,4.36,,4.0,5,59,4,2020-01-22,8.0,0.0,12.0,0.0,0.0,20.0,0.0,0.0,0.0
486672,Moisés Caicedo,CHE,MID,3089.0,687626,Moisés Caicedo,MID,2001-11-02,,100.0,2026/27 club squad,True,4.36,,5.0,9,38,4,2020-11-18,0.0,0.0,10.0,3.0,0.0,0.0,7.0,0.0,0.0
204936,Gianluigi Donnarumma,MCI,GKP,3420.0,315858,Gianluigi Donnarumma,GKP,1999-02-25,,100.0,2026/27 club squad,True,4.36,,5.0,16,155,12,2016-03-13,0.0,30.0,0.0,0.0,0.0,14.0,16.0,0.0,0.0
432830,Nathan Collins,BRE,DEF,3044.0,469050,Nathan Collins,DEF,2001-04-30,,100.0,2026/27 club squad,True,4.36,,5.0,15,138,5,2020-08-28,0.0,0.0,69.0,0.0,28.0,0.0,0.0,0.0,41.0
513545,Mamadou Sangaré,BRE,MID,3050.0,808348,Mamadou Sangaré,MID,2002-06-26,,100.0,2026/27 club squad,True,4.36,,5.0,6,32,2,2025-05-17,11.0,21.0,0.0,0.0,0.0,21.0,0.0,11.0,0.0
451284,Milan van Ewijk,COV,DEF,3342.0,587335,Milan van Ewijk,DEF,2000-09-08,,100.0,2026/27 club squad,True,4.36,,5.0,9,70,5,2019-08-10,0.0,10.0,15.0,0.0,0.0,15.0,0.0,0.0,10.0
446008,Bryan Mbeumo,MUN,MID,2822.0,413039,Bryan Mbeumo,FWD,1999-08-07,,100.0,2026/27 club squad,False,3.87,,5.0,22,115,3,2020-06-19,0.0,0.0,97.0,0.0,97.0,0.0,0.0,0.0,0.0
243413,Regan Slater,HUL,MID,2770.0,473080,Regan Slater,MID,1999-09-11,,100.0,2026/27 club squad,True,3.87,,5.0,4,29,1,2026-03-22,29.0,0.0,0.0,0.0,29.0,0.0,0.0,0.0,0.0
472739,Carl Rushworth,COV,GKP,3385.0,646353,Carl Rushworth,GKP,2001-07-02,,100.0,2026/27 club squad,True,3.87,,5.0,17,93,1,2024-10-18,0.0,93.0,0.0,0.0,93.0,0.0,0.0,0.0,0.0
432720,James Trafford,LEE,GKP,3385.0,566799,James Trafford,GKP,2002-10-10,,100.0,2026/27 club squad,True,3.87,,5.0,1,3,1,2024-08-16,0.0,3.0,0.0,3.0,0.0,0.0,0.0,0.0,0.0
154561,David Raya,ARS,GKP,3385.0,262749,David Raya,GKP,1995-09-15,,100.0,2026/27 club squad,True,3.87,,5.0,18,108,2,2021-10-25,0.0,5.0,0.0,0.0,0.0,5.0,0.0,0.0,0.0
111234,Jordan Pickford,EVE,GKP,3385.0,130164,Jordan Pickford,GKP,1994-03-07,,100.0,2026/27 club squad,True,3.87,,5.0,18,120,4,2016-12-26,0.0,0.0,0.0,0.0,0.0,0.0,0.0,0.0,0.0
465247,Senne Lammens,MUN,GKP,3385.0,503883,Senne Lammens,GKP,2002-07-07,,100.0,2026/27 club squad,True,3.87,,5.0,2,12,1,2023-08-04,0.0,0.0,12.0,0.0,0.0,0.0,12.0,0.0,0.0
80201,Bernd Leno,FUL,GKP,3420.0,72476,Bernd Leno,GKP,1992-03-04,,100.0,2026/27 club squad,True,3.87,,5.0,21,148,6,2012-10-29,0.0,0.0,17.0,0.0,0.0,0.0,17.0,0.0,0.0
222531,Morgan Gibbs-White,NFO,MID,3301.0,429014,Morgan Gibbs-White,MID,2000-01-27,,100.0,2026/27 club squad,True,3.87,,5.0,42,264,5,2019-08-08,0.0,7.0,0.0,0.0,7.0,0.0,0.0,0.0,0.0
440993,Iliman Ndiaye,EVE,MID,3186.0,623570,Iliman Ndiaye,FWD,2000-03-06,,100.0,2026/27 club squad,False,3.87,,5.0,7,50,1,2025-02-12,0.0,50.0,0.0,0.0,50.0,0.0,0.0,0.0,0.0
108416,John Egan,HUL,DEF,3015.0,121324,John Egan,DEF,1992-10-20,,100.0,2026/27 club squad,True,3.87,,5.0,49,328,5,2019-11-03,0.0,0.0,275.0,0.0,0.0,0.0,0.0,0.0,275.0
461102,Bobby Thomas,COV,DEF,3135.0,788283,Bobby Thomas,DEF,2001-01-30,,100.0,2026/27 club squad,True,3.87,,5.0,4,22,1,2025-04-12,0.0,22.0,0.0,0.0,0.0,22.0,0.0,0.0,0.0
544877,Milos Kerkez,LIV,DEF,3137.0,730861,Milos Kerkez,DEF,2003-11-07,,100.0,2026/27 club squad,True,3.87,,4.0,5,34,1,2023-12-20,0.0,0.0,34.0,0.0,0.0,0.0,34.0,0.0,0.0
60307,Pascal Groß,BHA,MID,3164.0,82873,Pascal Groß,MID,1991-06-15,,100.0,2026/27 club squad,True,3.87,,5.0,17,167,6,2015-05-21,0.0,13.0,0.0,0.0,13.0,0.0,0.0,0.0,0.0
84450,Granit Xhaka,SUN,MID,3295.0,111455,Granit Xhaka,MID,1992-09-27,,100.0,2026/27 club squad,True,3.87,,5.0,50,315,20,2011-07-14,34.0,0.0,0.0,0.0,34.0,0.0,0.0,0.0,0.0
483067,António João Pereira de Albuquerque Tavares da Silva,BOU,DEF,3175.0,650568,António Silva,DEF,2003-10-30,,95.0,2026/27 club squad,True,3.87,,4.0,2,11,1,2026-01-03,11.0,0.0,0.0,0.0,0.0,11.0,0.0,0.0,0.0
244850,Morgan Rogers,CHE,MID,2890.0,503743,Morgan Rogers,MID,2002-07-26,,100.0,2026/27 club squad,True,3.87,,5.0,3,27,1,2024-05-06,0.0,0.0,27.0,0.0,0.0,27.0,0.0,0.0,0.0
532605,Andrey Santos,MUN,MID,2861.0,743600,Andrey Santos,MID,2004-05-03,,100.0,2026/27 club squad,True,3.87,,4.0,3,16,1,2025-09-28,16.0,0.0,0.0,0.0,0.0,0.0,0.0,0.0,16.0
169432,Oli McBurnie,HUL,FWD,3260.0,298477,Oli McBurnie,FWD,1996-06-04,,100.0,2026/27 club squad,True,3.87,,5.0,34,303,7,2017-01-26,44.0,0.0,0.0,0.0,0.0,44.0,0.0,0.0,0.0
651426,Jaydee Canvot,CRY,DEF,3249.0,1006411,Jaydee Canvot,DEF,2006-07-29,,100.0,2026/27 club squad,True,3.8,,2.0,0,0,0,,0.0,0.0,0.0,0.0,0.0,0.0,0.0,0.0,0.0
661888,Caleb Yirenkyi,COV,MID,2696.0,1240763,Caleb Yirenkyi,MID,2006-01-15,,100.0,2026/27 club squad,True,3.8,,2.0,0,0,0,,0.0,0.0,0.0,0.0,0.0,0.0,0.0,0.0,0.0
577669,Noah Sadiki,SUN,MID,2842.0,727089,Noah Sadiki,MID,2004-12-17,,100.0,2026/27 club squad,True,3.54,,3.0,0,0,0,,0.0,0.0,0.0,0.0,0.0,0.0,0.0,0.0,0.0
216616,Dara O'Shea,IPS,DEF,3232.0,401320,Dara O'Shea,DEF,1999-03-04,,100.0,2026/27 club squad,True,3.39,,5.0,32,173,2,2020-10-20,0.0,0.0,0.0,0.0,0.0,0.0,0.0,0.0,0.0
168144,Matt Grimes,COV,MID,2668.0,265471,Matt Grimes,MID,1995-07-15,,100.0,2026/27 club squad,True,3.39,,5.0,0,0,0,,0.0,0.0,0.0,0.0,0.0,0.0,0.0,0.0,0.0
193278,Lewie Coyle,HUL,DEF,2833.0,413402,Lewie Coyle,DEF,1995-10-15,,100.0,2026/27 club squad,True,3.39,,5.0,0,0,0,,0.0,0.0,0.0,0.0,0.0,0.0,0.0,0.0,0.0
551226,Mateus Fernandes,TOT,MID,3089.0,880245,Mateus Fernandes,MID,2004-07-10,,100.0,2026/27 club squad,True,3.39,,4.0,0,0,0,,0.0,0.0,0.0,0.0,0.0,0.0,0.0,0.0,0.0
173878,Jay Dasilva,COV,DEF,2992.0,258915,Jay Dasilva,DEF,1998-04-22,,100.0,2026/27 club squad,True,3.39,,5.0,60,309,4,2019-08-09,0.0,0.0,0.0,0.0,0.0,0.0,0.0,0.0,0.0
512462,Jake O'Brien,EVE,DEF,3164.0,711544,Jake O'Brien,DEF,2001-05-15,,100.0,2026/27 club squad,True,3.39,,5.0,0,0,0,,0.0,0.0,0.0,0.0,0.0,0.0,0.0,0.0,0.0
487676,Trai Hume,SUN,DEF,2668.0,515544,Trai Hume,DEF,2002-03-18,,100.0,2026/27 club squad,True,3.39,,5.0,0,0,0,,0.0,0.0,0.0,0.0,0.0,0.0,0.0,0.0,0.0
457569,Djordje Petrovic,BOU,GKP,3385.0,465555,Djordje Petrovic,GKP,1999-10-08,,100.0,2026/27 club squad,True,3.39,,5.0,0,0,0,,0.0,0.0,0.0,0.0,0.0,0.0,0.0,0.0,0.0
501902,Charlie Hughes,HUL,DEF,2673.0,746357,Charlie Hughes,DEF,2003-10-16,,100.0,2026/27 club squad,True,3.39,,4.0,0,0,0,,0.0,0.0,0.0,0.0,0.0,0.0,0.0,0.0,0.0
482973,Igor Jesus,NFO,FWD,2764.0,432164,Igor Jesus,FWD,2001-02-25,,100.0,2026/27 club squad,True,3.39,,5.0,0,0,0,,0.0,0.0,0.0,0.0,0.0,0.0,0.0,0.0,0.0
551466,Gonzalo García,FUL,FWD,2696.0,935230,Gonzalo García,FWD,2004-03-24,,100.0,2026/27 club squad,True,3.39,,4.0,0,0,0,,0.0,0.0,0.0,0.0,0.0,0.0,0.0,0.0,0.0
176420,Darnell Furlong,IPS,DEF,2775.0,351755,Darnell Furlong,DEF,1995-10-31,,100.0,2026/27 club squad,True,3.39,,5.0,4,43,1,2015-03-14,0.0,0.0,0.0,0.0,0.0,0.0,0.0,0.0,0.0
501390,Marcelino Núñez,IPS,MID,2736.0,715558,Marcelino Núñez,MID,2000-03-01,,100.0,2026/27 club squad,True,3.39,,5.0,16,78,2,2020-09-25,0.0,0.0,0.0,0.0,0.0,0.0,0.0,0.0,0.0
485055,Antonín Kinsky,TOT,GKP,3385.0,725912,Antonín Kinský,GKP,2003-03-13,,100.0,2026/27 club squad,True,3.39,,5.0,0,0,0,,0.0,0.0,0.0,0.0,0.0,0.0,0.0,0.0,0.0
470551,Lukás Hornícek,NEW,GKP,3374.0,629773,Lukas Hornicek,GKP,2002-07-13,,100.0,2026/27 club squad,True,3.39,,5.0,0,0,0,,0.0,0.0,0.0,0.0,0.0,0.0,0.0,0.0,0.0
448089,João Gomes,AVL,MID,3067.0,735570,João Gomes,MID,2001-02-12,,100.0,2026/27 club squad,True,3.39,,5.0,0,0,0,,0.0,0.0,0.0,0.0,0.0,0.0,0.0,0.0,0.0
