source_name,rank,player_name,player_team,ranking_url,ranking_date
Premier League (The Scout) - FPL Draft Top 20 Forwards,1,Erling Haaland,Man City,https://www.premierleague.com/en/news/4684632/best-20-forwards-to-pick-in-fpl-draft,2026-08-10
Premier League (The Scout) - FPL Draft Top 20 Forwards,2,Joao Pedro,Chelsea,https://www.premierleague.com/en/news/4684632/best-20-forwards-to-pick-in-fpl-draft,2026-08-10
Premier League (The Scout) - FPL Draft Top 20 Forwards,3,Igor Thiago,Brentford,https://www.premierleague.com/en/news/4684632/best-20-forwards-to-pick-in-fpl-draft,2026-08-10
Premier League (The Scout) - FPL Draft Top 20 Forwards,4,Alexander Isak,Liverpool,https://www.premierleague.com/en/news/4684632/best-20-forwards-to-pick-in-fpl-draft,2026-08-10
Premier League (The Scout) - FPL Draft Top 20 Forwards,5,Viktor Gyokeres,Arsenal,https://www.premierleague.com/en/news/4684632/best-20-forwards-to-pick-in-fpl-draft,2026-08-10
Premier League (The Scout) - FPL Draft Top 20 Forwards,6,Ollie Watkins,Aston Villa,https://www.premierleague.com/en/news/4684632/best-20-forwards-to-pick-in-fpl-draft,2026-08-10
Premier League (The Scout) - FPL Draft Top 20 Forwards,7,Jean-Philippe Mateta,Crystal Palace,https://www.premierleague.com/en/news/4684632/best-20-forwards-to-pick-in-fpl-draft,2026-08-10
Premier League (The Scout) - FPL Draft Top 20 Forwards,8,Dominic Calvert-Lewin,Leeds,https://www.premierleague.com/en/news/4684632/best-20-forwards-to-pick-in-fpl-draft,2026-08-10
Premier League (The Scout) - FPL Draft Top 20 Forwards,9,Igor Jesus,Nottingham Forest,https://www.premierleague.com/en/news/4684632/best-20-forwards-to-pick-in-fpl-draft,2026-08-10
Premier League (The Scout) - FPL Draft Top 20 Forwards,10,Evanilson,Bournemouth,https://www.premierleague.com/en/news/4684632/best-20-forwards-to-pick-in-fpl-draft,2026-08-10
Premier League (The Scout) - FPL Draft Top 20 Forwards,11,Richarlison,Spurs,https://www.premierleague.com/en/news/4684632/best-20-forwards-to-pick-in-fpl-draft,2026-08-10
Premier League (The Scout) - FPL Draft Top 20 Forwards,12,Brian Brobbey,Sunderland,https://www.premierleague.com/en/news/4684632/best-20-forwards-to-pick-in-fpl-draft,2026-08-10
Premier League (The Scout) - FPL Draft Top 20 Forwards,13,Benjamin Sesko,Man Utd,https://www.premierleague.com/en/news/4684632/best-20-forwards-to-pick-in-fpl-draft,2026-08-10
Premier League (The Scout) - FPL Draft Top 20 Forwards,14,Yoane Wissa,Newcastle,https://www.premierleague.com/en/news/4684632/best-20-forwards-to-pick-in-fpl-draft,2026-08-10
Premier League (The Scout) - FPL Draft Top 20 Forwards,15,Oli McBurnie,Hull,https://www.premierleague.com/en/news/4684632/best-20-forwards-to-pick-in-fpl-draft,2026-08-10
Premier League (The Scout) - FPL Draft Top 20 Forwards,16,Kai Havertz,Arsenal,https://www.premierleague.com/en/news/4684632/best-20-forwards-to-pick-in-fpl-draft,2026-08-10
Premier League (The Scout) - FPL Draft Top 20 Forwards,17,Gonzalo Garcia,Fulham,https://www.premierleague.com/en/news/4684632/best-20-forwards-to-pick-in-fpl-draft,2026-08-10
Premier League (The Scout) - FPL Draft Top 20 Forwards,18,Emersonn,Ipswich,https://www.premierleague.com/en/news/4684632/best-20-forwards-to-pick-in-fpl-draft,2026-08-10
Premier League (The Scout) - FPL Draft Top 20 Forwards,19,Dominic Solanke,Spurs,https://www.premierleague.com/en/news/4684632/best-20-forwards-to-pick-in-fpl-draft,2026-08-10
Premier League (The Scout) - FPL Draft Top 20 Forwards,20,Haji Wright,Coventry,https://www.premierleague.com/en/news/4684632/best-20-forwards-to-pick-in-fpl-draft,2026-08-10
Premier League (The Scout) - FPL Draft Top 25 Defenders,1,Gabriel,Arsenal,https://www.premierleague.com/en/news/4684589/fpl-draft-top-25-defender-rankings,2026-08-10
Premier League (The Scout) - FPL Draft Top 25 Defenders,2,Josko Gvardiol,Man City,https://www.premierleague.com/en/news/4684589/fpl-draft-top-25-defender-rankings,2026-08-10
Premier League (The Scout) - FPL Draft Top 25 Defenders,3,Virgil van Dijk,Liverpool,https://www.premierleague.com/en/news/4684589/fpl-draft-top-25-defender-rankings,2026-08-10
Premier League (The Scout) - FPL Draft Top 25 Defenders,4,Nico O'Reilly,Man City,https://www.premierleague.com/en/news/4684589/fpl-draft-top-25-defender-rankings,2026-08-10
Premier League (The Scout) - FPL Draft Top 25 Defenders,5,Marc Guehi,Man City,https://www.premierleague.com/en/news/4684589/fpl-draft-top-25-defender-rankings,2026-08-10
Premier League (The Scout) - FPL Draft Top 25 Defenders,6,Neco Williams,Nottingham Forest,https://www.premierleague.com/en/news/4684589/fpl-draft-top-25-defender-rankings,2026-08-10
Premier League (The Scout) - FPL Draft Top 25 Defenders,7,Pedro Porro,Spurs,https://www.premierleague.com/en/news/4684589/fpl-draft-top-25-defender-rankings,2026-08-10
Premier League (The Scout) - FPL Draft Top 25 Defenders,8,Maxence Lacroix,Chelsea,https://www.premierleague.com/en/news/4684589/fpl-draft-top-25-defender-rankings,2026-08-10
Premier League (The Scout) - FPL Draft Top 25 Defenders,9,James Tarkowski,Everton,https://www.premierleague.com/en/news/4684589/fpl-draft-top-25-defender-rankings,2026-08-10
Premier League (The Scout) - FPL Draft Top 25 Defenders,10,Adrien Truffert,Bournemouth,https://www.premierleague.com/en/news/4684589/fpl-draft-top-25-defender-rankings,2026-08-10
Premier League (The Scout) - FPL Draft Top 25 Defenders,11,Daniel Munoz,Crystal Palace,https://www.premierleague.com/en/news/4684589/fpl-draft-top-25-defender-rankings,2026-08-10
Premier League (The Scout) - FPL Draft Top 25 Defenders,12,Nikola Milenkovic,Nottingham Forest,https://www.premierleague.com/en/news/4684589/fpl-draft-top-25-defender-rankings,2026-08-10
Premier League (The Scout) - FPL Draft Top 25 Defenders,13,Murillo,Nottingham Forest,https://www.premierleague.com/en/news/4684589/fpl-draft-top-25-defender-rankings,2026-08-10
Premier League (The Scout) - FPL Draft Top 25 Defenders,14,Jeremie Frimpong,Liverpool,https://www.premierleague.com/en/news/4684589/fpl-draft-top-25-defender-rankings,2026-08-10
Premier League (The Scout) - FPL Draft Top 25 Defenders,15,Nordi Mukiele,Sunderland,https://www.premierleague.com/en/news/4684589/fpl-draft-top-25-defender-rankings,2026-08-10
Premier League (The Scout) - FPL Draft Top 25 Defenders,16,Jan Paul van Hecke,Spurs,https://www.premierleague.com/en/news/4684589/fpl-draft-top-25-defender-rankings,2026-08-10
Premier League (The Scout) - FPL Draft Top 25 Defenders,17,Micky van de Ven,Spurs,https://www.premierleague.com/en/news/4684589/fpl-draft-top-25-defender-rankings,2026-08-10
Premier League (The Scout) - FPL Draft Top 25 Defenders,18,Jurrien Timber,Arsenal,https://www.premierleague.com/en/news/4684589/fpl-draft-top-25-defender-rankings,2026-08-10
Premier League (The Scout) - FPL Draft Top 25 Defenders,19,Milos Kerkez,Liverpool,https://www.premierleague.com/en/news/4684589/fpl-draft-top-25-defender-rankings,2026-08-10
Premier League (The Scout) - FPL Draft Top 25 Defenders,20,Harry Maguire,Man Utd,https://www.premierleague.com/en/news/4684589/fpl-draft-top-25-defender-rankings,2026-08-10
Premier League (The Scout) - FPL Draft Top 25 Defenders,21,Lewis Hall,Newcastle,https://www.premierleague.com/en/news/4684589/fpl-draft-top-25-defender-rankings,2026-08-10
Premier League (The Scout) - FPL Draft Top 25 Defenders,22,Riccardo Calafiori,Arsenal,https://www.premierleague.com/en/news/4684589/fpl-draft-top-25-defender-rankings,2026-08-10
Premier League (The Scout) - FPL Draft Top 25 Defenders,23,Matty Cash,Aston Villa,https://www.premierleague.com/en/news/4684589/fpl-draft-top-25-defender-rankings,2026-08-10
Premier League (The Scout) - FPL Draft Top 25 Defenders,24,Nathan Collins,Brentford,https://www.premierleague.com/en/news/4684589/fpl-draft-top-25-defender-rankings,2026-08-10
Premier League (The Scout) - FPL Draft Top 25 Defenders,25,Luka Vuskovic,Brighton,https://www.premierleague.com/en/news/4684589/fpl-draft-top-25-defender-rankings,2026-08-10
Premier League (The Scout) - FPL Draft Top 25 Midfielders,1,Bruno Fernandes,Man Utd,https://www.premierleague.com/en/news/4684623/fpl-draft-top-25-midfielder-rankings,2026-08-10
Premier League (The Scout) - FPL Draft Top 25 Midfielders,2,Cole Palmer,Chelsea,https://www.premierleague.com/en/news/4684623/fpl-draft-top-25-midfielder-rankings,2026-08-10
Premier League (The Scout) - FPL Draft Top 25 Midfielders,3,Bukayo Saka,Arsenal,https://www.premierleague.com/en/news/4684623/fpl-draft-top-25-midfielder-rankings,2026-08-10
Premier League (The Scout) - FPL Draft Top 25 Midfielders,4,Dominik Szoboszlai,Liverpool,https://www.premierleague.com/en/news/4684623/fpl-draft-top-25-midfielder-rankings,2026-08-10
Premier League (The Scout) - FPL Draft Top 25 Midfielders,5,Bryan Mbeumo,Man Utd,https://www.premierleague.com/en/news/4684623/fpl-draft-top-25-midfielder-rankings,2026-08-10
Premier League (The Scout) - FPL Draft Top 25 Midfielders,6,Florian Wirtz,Liverpool,https://www.premierleague.com/en/news/4684623/fpl-draft-top-25-midfielder-rankings,2026-08-10
Premier League (The Scout) - FPL Draft Top 25 Midfielders,7,Matheus Cunha,Man Utd,https://www.premierleague.com/en/news/4684623/fpl-draft-top-25-midfielder-rankings,2026-08-10
Premier League (The Scout) - FPL Draft Top 25 Midfielders,8,Morgan Gibbs-White,Nottingham Forest,https://www.premierleague.com/en/news/4684623/fpl-draft-top-25-midfielder-rankings,2026-08-10
Premier League (The Scout) - FPL Draft Top 25 Midfielders,9,Phil Foden,Man City,https://www.premierleague.com/en/news/4684623/fpl-draft-top-25-midfielder-rankings,2026-08-10
Premier League (The Scout) - FPL Draft Top 25 Midfielders,10,Morgan Rogers,Chelsea,https://www.premierleague.com/en/news/4684623/fpl-draft-top-25-midfielder-rankings,2026-08-10
Premier League (The Scout) - FPL Draft Top 25 Midfielders,11,Declan Rice,Arsenal,https://www.premierleague.com/en/news/4684623/fpl-draft-top-25-midfielder-rankings,2026-08-10
Premier League (The Scout) - FPL Draft Top 25 Midfielders,12,Antoine Semenyo,Man City,https://www.premierleague.com/en/news/4684623/fpl-draft-top-25-midfielder-rankings,2026-08-10
Premier League (The Scout) - FPL Draft Top 25 Midfielders,13,Elliot Anderson,Man City,https://www.premierleague.com/en/news/4684623/fpl-draft-top-25-midfielder-rankings,2026-08-10
Premier League (The Scout) - FPL Draft Top 25 Midfielders,14,Harry Wilson,Leeds,https://www.premierleague.com/en/news/4684623/fpl-draft-top-25-midfielder-rankings,2026-08-10
Premier League (The Scout) - FPL Draft Top 25 Midfielders,15,Ismaila Sarr,Crystal Palace,https://www.premierleague.com/en/news/4684623/fpl-draft-top-25-midfielder-rankings,2026-08-10
Premier League (The Scout) - FPL Draft Top 25 Midfielders,16,Bruno Guimaraes,Arsenal,https://www.premierleague.com/en/news/4684623/fpl-draft-top-25-midfielder-rankings,2026-08-10
Premier League (The Scout) - FPL Draft Top 25 Midfielders,17,Cody Gakpo,Liverpool,https://www.premierleague.com/en/news/4684623/fpl-draft-top-25-midfielder-rankings,2026-08-10
Premier League (The Scout) - FPL Draft Top 25 Midfielders,18,Martin Odegaard,Arsenal,https://www.premierleague.com/en/news/4684623/fpl-draft-top-25-midfielder-rankings,2026-08-10
Premier League (The Scout) - FPL Draft Top 25 Midfielders,19,Iliman Ndiaye,Everton,https://www.premierleague.com/en/news/4684623/fpl-draft-top-25-midfielder-rankings,2026-08-10
Premier League (The Scout) - FPL Draft Top 25 Midfielders,20,Pascal Gross,Brighton,https://www.premierleague.com/en/news/4684623/fpl-draft-top-25-midfielder-rankings,2026-08-10
Premier League (The Scout) - FPL Draft Top 25 Midfielders,21,Marcus Tavernier,Bournemouth,https://www.premierleague.com/en/news/4684623/fpl-draft-top-25-midfielder-rankings,2026-08-10
Premier League (The Scout) - FPL Draft Top 25 Midfielders,22,Enzo Fernandez,Chelsea,https://www.premierleague.com/en/news/4684623/fpl-draft-top-25-midfielder-rankings,2026-08-10
Premier League (The Scout) - FPL Draft Top 25 Midfielders,23,Alex Scott,Bournemouth,https://www.premierleague.com/en/news/4684623/fpl-draft-top-25-midfielder-rankings,2026-08-10
Premier League (The Scout) - FPL Draft Top 25 Midfielders,24,Enzo Le Fee,Sunderland,https://www.premierleague.com/en/news/4684623/fpl-draft-top-25-midfielder-rankings,2026-08-10
Premier League (The Scout) - FPL Draft Top 25 Midfielders,25,Mamadou Sangare,Brentford,https://www.premierleague.com/en/news/4684623/fpl-draft-top-25-midfielder-rankings,2026-08-10
Premier League (The Scout) - FPL Draft Top 20 Goalkeepers,1,David Raya,Arsenal,https://www.premierleague.com/en/news/4684577/fpl-draft-top-20-goalkeepers-rankings,2026-08-10
Premier League (The Scout) - FPL Draft Top 20 Goalkeepers,2,Alisson Becker,Liverpool,https://www.premierleague.com/en/news/4684577/fpl-draft-top-20-goalkeepers-rankings,2026-08-10
Premier League (The Scout) - FPL Draft Top 20 Goalkeepers,3,Gianluigi Donnarumma,Man City,https://www.premierleague.com/en/news/4684577/fpl-draft-top-20-goalkeepers-rankings,2026-08-10
Premier League (The Scout) - FPL Draft Top 20 Goalkeepers,4,Caoimhin Kelleher,Brentford,https://www.premierleague.com/en/news/4684577/fpl-draft-top-20-goalkeepers-rankings,2026-08-10
Premier League (The Scout) - FPL Draft Top 20 Goalkeepers,5,Jordan Pickford,Everton,https://www.premierleague.com/en/news/4684577/fpl-draft-top-20-goalkeepers-rankings,2026-08-10
Premier League (The Scout) - FPL Draft Top 20 Goalkeepers,6,Antonin Kinsky,Spurs,https://www.premierleague.com/en/news/4684577/fpl-draft-top-20-goalkeepers-rankings,2026-08-10
Premier League (The Scout) - FPL Draft Top 20 Goalkeepers,7,Robin Roefs,Sunderland,https://www.premierleague.com/en/news/4684577/fpl-draft-top-20-goalkeepers-rankings,2026-08-10
Premier League (The Scout) - FPL Draft Top 20 Goalkeepers,8,Djordje Petrovic,Bournemouth,https://www.premierleague.com/en/news/4684577/fpl-draft-top-20-goalkeepers-rankings,2026-08-10
Premier League (The Scout) - FPL Draft Top 20 Goalkeepers,9,Senne Lammens,Man Utd,https://www.premierleague.com/en/news/4684577/fpl-draft-top-20-goalkeepers-rankings,2026-08-10
Premier League (The Scout) - FPL Draft Top 20 Goalkeepers,10,Robert Sanchez,Chelsea,https://www.premierleague.com/en/news/4684577/fpl-draft-top-20-goalkeepers-rankings,2026-08-10
Premier League (The Scout) - FPL Draft Top 20 Goalkeepers,11,Bart Verbruggen,Brighton,https://www.premierleague.com/en/news/4684577/fpl-draft-top-20-goalkeepers-rankings,2026-08-10
Premier League (The Scout) - FPL Draft Top 20 Goalkeepers,12,Emiliano Martinez,Aston Villa,https://www.premierleague.com/en/news/4684577/fpl-draft-top-20-goalkeepers-rankings,2026-08-10
Premier League (The Scout) - FPL Draft Top 20 Goalkeepers,13,Matz Sels,Nottingham Forest,https://www.premierleague.com/en/news/4684577/fpl-draft-top-20-goalkeepers-rankings,2026-08-10
Premier League (The Scout) - FPL Draft Top 20 Goalkeepers,14,Dean Henderson,Crystal Palace,https://www.premierleague.com/en/news/4684577/fpl-draft-top-20-goalkeepers-rankings,2026-08-10
Premier League (The Scout) - FPL Draft Top 20 Goalkeepers,15,Bernd Leno,Fulham,https://www.premierleague.com/en/news/4684577/fpl-draft-top-20-goalkeepers-rankings,2026-08-10
Premier League (The Scout) - FPL Draft Top 20 Goalkeepers,16,Lukas Hornicek,Newcastle,https://www.premierleague.com/en/news/4684577/fpl-draft-top-20-goalkeepers-rankings,2026-08-10
Premier League (The Scout) - FPL Draft Top 20 Goalkeepers,17,James Trafford,Leeds,https://www.premierleague.com/en/news/4684577/fpl-draft-top-20-goalkeepers-rankings,2026-08-10
Premier League (The Scout) - FPL Draft Top 20 Goalkeepers,18,Carl Rushworth,Coventry,https://www.premierleague.com/en/news/4684577/fpl-draft-top-20-goalkeepers-rankings,2026-08-10
Premier League (The Scout) - FPL Draft Top 20 Goalkeepers,19,Kjell Scherpen,Ipswich,https://www.premierleague.com/en/news/4684577/fpl-draft-top-20-goalkeepers-rankings,2026-08-10
Premier League (The Scout) - FPL Draft Top 20 Goalkeepers,20,Konstantinos Tzolakis,Hull,https://www.premierleague.com/en/news/4684577/fpl-draft-top-20-goalkeepers-rankings,2026-08-10
OneFPL - FPL Draft Rankings 2026/27 Top 100,1,Erling Haaland,Man City,https://onefpl.com/blog/fpl-draft-rankings-top-100-2026-27,2026-07-31
OneFPL - FPL Draft Rankings 2026/27 Top 100,2,Bruno Fernandes,Man Utd,https://onefpl.com/blog/fpl-draft-rankings-top-100-2026-27,2026-07-31
OneFPL - FPL Draft Rankings 2026/27 Top 100,3,Bukayo Saka,Arsenal,https://onefpl.com/blog/fpl-draft-rankings-top-100-2026-27,2026-07-31
OneFPL - FPL Draft Rankings 2026/27 Top 100,4,Cole Palmer,Chelsea,https://onefpl.com/blog/fpl-draft-rankings-top-100-2026-27,2026-07-31
OneFPL - FPL Draft Rankings 2026/27 Top 100,5,Alexander Isak,Liverpool,https://onefpl.com/blog/fpl-draft-rankings-top-100-2026-27,2026-07-31
OneFPL - FPL Draft Rankings 2026/27 Top 100,6,Gabriel,Arsenal,https://onefpl.com/blog/fpl-draft-rankings-top-100-2026-27,2026-07-31
OneFPL - FPL Draft Rankings 2026/27 Top 100,7,Antoine Semenyo,Man City,https://onefpl.com/blog/fpl-draft-rankings-top-100-2026-27,2026-07-31
OneFPL - FPL Draft Rankings 2026/27 Top 100,8,Florian Wirtz,Liverpool,https://onefpl.com/blog/fpl-draft-rankings-top-100-2026-27,2026-07-31
OneFPL - FPL Draft Rankings 2026/27 Top 100,9,Viktor Gyokeres,Arsenal,https://onefpl.com/blog/fpl-draft-rankings-top-100-2026-27,2026-07-31
OneFPL - FPL Draft Rankings 2026/27 Top 100,10,Ollie Watkins,Aston Villa,https://onefpl.com/blog/fpl-draft-rankings-top-100-2026-27,2026-07-31
OneFPL - FPL Draft Rankings 2026/27 Top 100,11,Phil Foden,Man City,https://onefpl.com/blog/fpl-draft-rankings-top-100-2026-27,2026-07-31
OneFPL - FPL Draft Rankings 2026/27 Top 100,12,Dominik Szoboszlai,Liverpool,https://onefpl.com/blog/fpl-draft-rankings-top-100-2026-27,2026-07-31
OneFPL - FPL Draft Rankings 2026/27 Top 100,13,Eberechi Eze,Arsenal,https://onefpl.com/blog/fpl-draft-rankings-top-100-2026-27,2026-07-31
OneFPL - FPL Draft Rankings 2026/27 Top 100,14,Joao Pedro,Chelsea,https://onefpl.com/blog/fpl-draft-rankings-top-100-2026-27,2026-07-31
OneFPL - FPL Draft Rankings 2026/27 Top 100,15,Igor Thiago,Brentford,https://onefpl.com/blog/fpl-draft-rankings-top-100-2026-27,2026-07-31
OneFPL - FPL Draft Rankings 2026/27 Top 100,16,Virgil van Dijk,Liverpool,https://onefpl.com/blog/fpl-draft-rankings-top-100-2026-27,2026-07-31
OneFPL - FPL Draft Rankings 2026/27 Top 100,17,Morgan Gibbs-White,Nottingham Forest,https://onefpl.com/blog/fpl-draft-rankings-top-100-2026-27,2026-07-31
OneFPL - FPL Draft Rankings 2026/27 Top 100,18,Bruno Guimaraes,Newcastle,https://onefpl.com/blog/fpl-draft-rankings-top-100-2026-27,2026-07-31
OneFPL - FPL Draft Rankings 2026/27 Top 100,19,Jordan Pickford,Everton,https://onefpl.com/blog/fpl-draft-rankings-top-100-2026-27,2026-07-31
OneFPL - FPL Draft Rankings 2026/27 Top 100,20,David Raya,Arsenal,https://onefpl.com/blog/fpl-draft-rankings-top-100-2026-27,2026-07-31
OneFPL - FPL Draft Rankings 2026/27 Top 100,21,Matheus Cunha,Man Utd,https://onefpl.com/blog/fpl-draft-rankings-top-100-2026-27,2026-07-31
OneFPL - FPL Draft Rankings 2026/27 Top 100,22,Bryan Mbeumo,Man Utd,https://onefpl.com/blog/fpl-draft-rankings-top-100-2026-27,2026-07-31
OneFPL - FPL Draft Rankings 2026/27 Top 100,23,Kiernan Dewsbury-Hall,Everton,https://onefpl.com/blog/fpl-draft-rankings-top-100-2026-27,2026-07-31
OneFPL - FPL Draft Rankings 2026/27 Top 100,24,Morgan Rogers,Chelsea,https://onefpl.com/blog/fpl-draft-rankings-top-100-2026-27,2026-07-31
OneFPL - FPL Draft Rankings 2026/27 Top 100,25,Declan Rice,Arsenal,https://onefpl.com/blog/fpl-draft-rankings-top-100-2026-27,2026-07-31
OneFPL - FPL Draft Rankings 2026/27 Top 100,26,Elliot Anderson,Man City,https://onefpl.com/blog/fpl-draft-rankings-top-100-2026-27,2026-07-31
OneFPL - FPL Draft Rankings 2026/27 Top 100,27,Daniel Munoz,Crystal Palace,https://onefpl.com/blog/fpl-draft-rankings-top-100-2026-27,2026-07-31
OneFPL - FPL Draft Rankings 2026/27 Top 100,28,James Tarkowski,Everton,https://onefpl.com/blog/fpl-draft-rankings-top-100-2026-27,2026-07-31
OneFPL - FPL Draft Rankings 2026/27 Top 100,29,Caoimhin Kelleher,Brentford,https://onefpl.com/blog/fpl-draft-rankings-top-100-2026-27,2026-07-31
OneFPL - FPL Draft Rankings 2026/27 Top 100,30,Marc Guehi,Man City,https://onefpl.com/blog/fpl-draft-rankings-top-100-2026-27,2026-07-31
OneFPL - FPL Draft Rankings 2026/27 Top 100,31,Nico O'Reilly,Man City,https://onefpl.com/blog/fpl-draft-rankings-top-100-2026-27,2026-07-31
OneFPL - FPL Draft Rankings 2026/27 Top 100,32,Dominik Solanke,Spurs,https://onefpl.com/blog/fpl-draft-rankings-top-100-2026-27,2026-07-31
OneFPL - FPL Draft Rankings 2026/27 Top 100,33,Jean-Philippe Mateta,Crystal Palace,https://onefpl.com/blog/fpl-draft-rankings-top-100-2026-27,2026-07-31
OneFPL - FPL Draft Rankings 2026/27 Top 100,34,William Osula,Newcastle,https://onefpl.com/blog/fpl-draft-rankings-top-100-2026-27,2026-07-31
OneFPL - FPL Draft Rankings 2026/27 Top 100,35,Anthony Gordon,Newcastle,https://onefpl.com/blog/fpl-draft-rankings-top-100-2026-27,2026-07-31
OneFPL - FPL Draft Rankings 2026/27 Top 100,36,Pedro Neto,Chelsea,https://onefpl.com/blog/fpl-draft-rankings-top-100-2026-27,2026-07-31
OneFPL - FPL Draft Rankings 2026/27 Top 100,37,Enzo Fernandez,Chelsea,https://onefpl.com/blog/fpl-draft-rankings-top-100-2026-27,2026-07-31
OneFPL - FPL Draft Rankings 2026/27 Top 100,38,Rayan,Bournemouth,https://onefpl.com/blog/fpl-draft-rankings-top-100-2026-27,2026-07-31
OneFPL - FPL Draft Rankings 2026/27 Top 100,39,Marcus Tavernier,Bournemouth,https://onefpl.com/blog/fpl-draft-rankings-top-100-2026-27,2026-07-31
OneFPL - FPL Draft Rankings 2026/27 Top 100,40,Kaoru Mitoma,Brighton,https://onefpl.com/blog/fpl-draft-rankings-top-100-2026-27,2026-07-31
OneFPL - FPL Draft Rankings 2026/27 Top 100,41,Yankuba Minteh,Brighton,https://onefpl.com/blog/fpl-draft-rankings-top-100-2026-27,2026-07-31
OneFPL - FPL Draft Rankings 2026/27 Top 100,42,Pascal Gross,Brighton,https://onefpl.com/blog/fpl-draft-rankings-top-100-2026-27,2026-07-31
OneFPL - FPL Draft Rankings 2026/27 Top 100,43,Kevin Schade,Brentford,https://onefpl.com/blog/fpl-draft-rankings-top-100-2026-27,2026-07-31
OneFPL - FPL Draft Rankings 2026/27 Top 100,44,Mikkel Damsgaard,Brentford,https://onefpl.com/blog/fpl-draft-rankings-top-100-2026-27,2026-07-31
OneFPL - FPL Draft Rankings 2026/27 Top 100,45,Iliman Ndiaye,Everton,https://onefpl.com/blog/fpl-draft-rankings-top-100-2026-27,2026-07-31
OneFPL - FPL Draft Rankings 2026/27 Top 100,46,James Garner,Everton,https://onefpl.com/blog/fpl-draft-rankings-top-100-2026-27,2026-07-31
OneFPL - FPL Draft Rankings 2026/27 Top 100,47,Alisson Becker,Liverpool,https://onefpl.com/blog/fpl-draft-rankings-top-100-2026-27,2026-07-31
OneFPL - FPL Draft Rankings 2026/27 Top 100,48,Guglielmo Donnarumma,Man City,https://onefpl.com/blog/fpl-draft-rankings-top-100-2026-27,2026-07-31
OneFPL - FPL Draft Rankings 2026/27 Top 100,49,Dean Henderson,Crystal Palace,https://onefpl.com/blog/fpl-draft-rankings-top-100-2026-27,2026-07-31
OneFPL - FPL Draft Rankings 2026/27 Top 100,50,Bart Verbruggen,Brighton,https://onefpl.com/blog/fpl-draft-rankings-top-100-2026-27,2026-07-31
OneFPL - FPL Draft Rankings 2026/27 Top 100,51,Reece James,Chelsea,https://onefpl.com/blog/fpl-draft-rankings-top-100-2026-27,2026-07-31
OneFPL - FPL Draft Rankings 2026/27 Top 100,52,Marc Cucurella,Chelsea,https://onefpl.com/blog/fpl-draft-rankings-top-100-2026-27,2026-07-31
OneFPL - FPL Draft Rankings 2026/27 Top 100,53,Jeremie Frimpong,Liverpool,https://onefpl.com/blog/fpl-draft-rankings-top-100-2026-27,2026-07-31
OneFPL - FPL Draft Rankings 2026/27 Top 100,54,Milos Kerkez,Liverpool,https://onefpl.com/blog/fpl-draft-rankings-top-100-2026-27,2026-07-31
OneFPL - FPL Draft Rankings 2026/27 Top 100,55,Ibrahima Konate,Liverpool,https://onefpl.com/blog/fpl-draft-rankings-top-100-2026-27,2026-07-31
OneFPL - FPL Draft Rankings 2026/27 Top 100,56,Pedro Porro,Spurs,https://onefpl.com/blog/fpl-draft-rankings-top-100-2026-27,2026-07-31
OneFPL - FPL Draft Rankings 2026/27 Top 100,57,Lewis Hall,Newcastle,https://onefpl.com/blog/fpl-draft-rankings-top-100-2026-27,2026-07-31
OneFPL - FPL Draft Rankings 2026/27 Top 100,58,Sven Botman,Newcastle,https://onefpl.com/blog/fpl-draft-rankings-top-100-2026-27,2026-07-31
OneFPL - FPL Draft Rankings 2026/27 Top 100,59,Dan Burn,Newcastle,https://onefpl.com/blog/fpl-draft-rankings-top-100-2026-27,2026-07-31
OneFPL - FPL Draft Rankings 2026/27 Top 100,60,Nikola Milenkovic,Nottingham Forest,https://onefpl.com/blog/fpl-draft-rankings-top-100-2026-27,2026-07-31
OneFPL - FPL Draft Rankings 2026/27 Top 100,61,Murillo,Nottingham Forest,https://onefpl.com/blog/fpl-draft-rankings-top-100-2026-27,2026-07-31
OneFPL - FPL Draft Rankings 2026/27 Top 100,62,Ola Aina,Nottingham Forest,https://onefpl.com/blog/fpl-draft-rankings-top-100-2026-27,2026-07-31
OneFPL - FPL Draft Rankings 2026/27 Top 100,63,Nathan Collins,Brentford,https://onefpl.com/blog/fpl-draft-rankings-top-100-2026-27,2026-07-31
OneFPL - FPL Draft Rankings 2026/27 Top 100,64,Tyrick Mitchell,Crystal Palace,https://onefpl.com/blog/fpl-draft-rankings-top-100-2026-27,2026-07-31
OneFPL - FPL Draft Rankings 2026/27 Top 100,65,Maxence Lacroix,Crystal Palace,https://onefpl.com/blog/fpl-draft-rankings-top-100-2026-27,2026-07-31
OneFPL - FPL Draft Rankings 2026/27 Top 100,66,Vitalii Mykolenko,Everton,https://onefpl.com/blog/fpl-draft-rankings-top-100-2026-27,2026-07-31
OneFPL - FPL Draft Rankings 2026/27 Top 100,67,Jake O'Brien,Everton,https://onefpl.com/blog/fpl-draft-rankings-top-100-2026-27,2026-07-31
OneFPL - FPL Draft Rankings 2026/27 Top 100,68,Antonee Robinson,Fulham,https://onefpl.com/blog/fpl-draft-rankings-top-100-2026-27,2026-07-31
OneFPL - FPL Draft Rankings 2026/27 Top 100,69,Harry Maguire,Man Utd,https://onefpl.com/blog/fpl-draft-rankings-top-100-2026-27,2026-07-31
OneFPL - FPL Draft Rankings 2026/27 Top 100,70,Matthijs de Ligt,Man Utd,https://onefpl.com/blog/fpl-draft-rankings-top-100-2026-27,2026-07-31
OneFPL - FPL Draft Rankings 2026/27 Top 100,71,Martin Odegaard,Arsenal,https://onefpl.com/blog/fpl-draft-rankings-top-100-2026-27,2026-07-31
OneFPL - FPL Draft Rankings 2026/27 Top 100,72,Gabriel Martinelli,Arsenal,https://onefpl.com/blog/fpl-draft-rankings-top-100-2026-27,2026-07-31
OneFPL - FPL Draft Rankings 2026/27 Top 100,73,Christos Tzolis,Arsenal,https://onefpl.com/blog/fpl-draft-rankings-top-100-2026-27,2026-07-31
OneFPL - FPL Draft Rankings 2026/27 Top 100,74,Noni Madueke,Arsenal,https://onefpl.com/blog/fpl-draft-rankings-top-100-2026-27,2026-07-31
OneFPL - FPL Draft Rankings 2026/27 Top 100,75,Rayan Cherki,Man City,https://onefpl.com/blog/fpl-draft-rankings-top-100-2026-27,2026-07-31
OneFPL - FPL Draft Rankings 2026/27 Top 100,76,Jeremy Doku,Man City,https://onefpl.com/blog/fpl-draft-rankings-top-100-2026-27,2026-07-31
OneFPL - FPL Draft Rankings 2026/27 Top 100,77,Tijjani Reijnders,Man City,https://onefpl.com/blog/fpl-draft-rankings-top-100-2026-27,2026-07-31
OneFPL - FPL Draft Rankings 2026/27 Top 100,78,Amad,Man Utd,https://onefpl.com/blog/fpl-draft-rankings-top-100-2026-27,2026-07-31
OneFPL - FPL Draft Rankings 2026/27 Top 100,79,Patrick Dorgu,Man Utd,https://onefpl.com/blog/fpl-draft-rankings-top-100-2026-27,2026-07-31
OneFPL - FPL Draft Rankings 2026/27 Top 100,80,Harvey Barnes,Newcastle,https://onefpl.com/blog/fpl-draft-rankings-top-100-2026-27,2026-07-31
OneFPL - FPL Draft Rankings 2026/27 Top 100,81,Anthony Elanga,Newcastle,https://onefpl.com/blog/fpl-draft-rankings-top-100-2026-27,2026-07-31
OneFPL - FPL Draft Rankings 2026/27 Top 100,82,James Maddison,Spurs,https://onefpl.com/blog/fpl-draft-rankings-top-100-2026-27,2026-07-31
OneFPL - FPL Draft Rankings 2026/27 Top 100,83,Mohammed Kudus,Spurs,https://onefpl.com/blog/fpl-draft-rankings-top-100-2026-27,2026-07-31
OneFPL - FPL Draft Rankings 2026/27 Top 100,84,Xavi Simons,Spurs,https://onefpl.com/blog/fpl-draft-rankings-top-100-2026-27,2026-07-31
OneFPL - FPL Draft Rankings 2026/27 Top 100,85,Mathys Tel,Spurs,https://onefpl.com/blog/fpl-draft-rankings-top-100-2026-27,2026-07-31
OneFPL - FPL Draft Rankings 2026/27 Top 100,86,Enzo Le Fee,Sunderland,https://onefpl.com/blog/fpl-draft-rankings-top-100-2026-27,2026-07-31
OneFPL - FPL Draft Rankings 2026/27 Top 100,87,Granit Xhaka,Sunderland,https://onefpl.com/blog/fpl-draft-rankings-top-100-2026-27,2026-07-31
OneFPL - FPL Draft Rankings 2026/27 Top 100,88,Jack Clarke,Ipswich,https://onefpl.com/blog/fpl-draft-rankings-top-100-2026-27,2026-07-31
OneFPL - FPL Draft Rankings 2026/27 Top 100,89,Ephron Mason-Clark,Coventry,https://onefpl.com/blog/fpl-draft-rankings-top-100-2026-27,2026-07-31
OneFPL - FPL Draft Rankings 2026/27 Top 100,90,Jack Rudoni,Coventry,https://onefpl.com/blog/fpl-draft-rankings-top-100-2026-27,2026-07-31
OneFPL - FPL Draft Rankings 2026/27 Top 100,91,Evanilson,Bournemouth,https://onefpl.com/blog/fpl-draft-rankings-top-100-2026-27,2026-07-31
OneFPL - FPL Draft Rankings 2026/27 Top 100,92,Benjamin Sesko,Man Utd,https://onefpl.com/blog/fpl-draft-rankings-top-100-2026-27,2026-07-31
OneFPL - FPL Draft Rankings 2026/27 Top 100,93,Nick Woltemade,Newcastle,https://onefpl.com/blog/fpl-draft-rankings-top-100-2026-27,2026-07-31
OneFPL - FPL Draft Rankings 2026/27 Top 100,94,Chris Wood,Nottingham Forest,https://onefpl.com/blog/fpl-draft-rankings-top-100-2026-27,2026-07-31
OneFPL - FPL Draft Rankings 2026/27 Top 100,95,Beto,Everton,https://onefpl.com/blog/fpl-draft-rankings-top-100-2026-27,2026-07-31
OneFPL - FPL Draft Rankings 2026/27 Top 100,96,Oli McBurnie,Hull,https://onefpl.com/blog/fpl-draft-rankings-top-100-2026-27,2026-07-31
OneFPL - FPL Draft Rankings 2026/27 Top 100,97,Haji Wright,Coventry,https://onefpl.com/blog/fpl-draft-rankings-top-100-2026-27,2026-07-31
OneFPL - FPL Draft Rankings 2026/27 Top 100,98,Dominic Calvert-Lewin,Leeds,https://onefpl.com/blog/fpl-draft-rankings-top-100-2026-27,2026-07-31
OneFPL - FPL Draft Rankings 2026/27 Top 100,99,Leif Davis,Ipswich,https://onefpl.com/blog/fpl-draft-rankings-top-100-2026-27,2026-07-31
OneFPL - FPL Draft Rankings 2026/27 Top 100,100,Bobby Thomas,Coventry,https://onefpl.com/blog/fpl-draft-rankings-top-100-2026-27,2026-07-31
Draft Fantasy - Draft Cheat Sheet 2026/27 (240-player tiered board),1,Haaland,Man City,https://www.draftfantasy.com/fpl/draft-cheat-sheet,2026-08-17
Draft Fantasy - Draft Cheat Sheet 2026/27 (240-player tiered board),2,B.Fernandes,Man Utd,https://www.draftfantasy.com/fpl/draft-cheat-sheet,2026-08-17
Draft Fantasy - Draft Cheat Sheet 2026/27 (240-player tiered board),3,Gabriel,Arsenal,https://www.draftfantasy.com/fpl/draft-cheat-sheet,2026-08-17
Draft Fantasy - Draft Cheat Sheet 2026/27 (240-player tiered board),4,Joao Pedro,Chelsea,https://www.draftfantasy.com/fpl/draft-cheat-sheet,2026-08-17
Draft Fantasy - Draft Cheat Sheet 2026/27 (240-player tiered board),5,Thiago,Brentford,https://www.draftfantasy.com/fpl/draft-cheat-sheet,2026-08-17
Draft Fantasy - Draft Cheat Sheet 2026/27 (240-player tiered board),6,Semenyo,Man City,https://www.draftfantasy.com/fpl/draft-cheat-sheet,2026-08-17
Draft Fantasy - Draft Cheat Sheet 2026/27 (240-player tiered board),7,Bruno G.,Arsenal,https://www.draftfantasy.com/fpl/draft-cheat-sheet,2026-08-17
Draft Fantasy - Draft Cheat Sheet 2026/27 (240-player tiered board),8,Guehi,Man City,https://www.draftfantasy.com/fpl/draft-cheat-sheet,2026-08-17
Draft Fantasy - Draft Cheat Sheet 2026/27 (240-player tiered board),9,Watkins,Aston Villa,https://www.draftfantasy.com/fpl/draft-cheat-sheet,2026-08-17
Draft Fantasy - Draft Cheat Sheet 2026/27 (240-player tiered board),10,Rice,Arsenal,https://www.draftfantasy.com/fpl/draft-cheat-sheet,2026-08-17
Draft Fantasy - Draft Cheat Sheet 2026/27 (240-player tiered board),11,Saka,Arsenal,https://www.draftfantasy.com/fpl/draft-cheat-sheet,2026-08-17
Draft Fantasy - Draft Cheat Sheet 2026/27 (240-player tiered board),12,Gibbs-White,Nottingham Forest,https://www.draftfantasy.com/fpl/draft-cheat-sheet,2026-08-17
Draft Fantasy - Draft Cheat Sheet 2026/27 (240-player tiered board),13,Dewsbury-Hall,Everton,https://www.draftfantasy.com/fpl/draft-cheat-sheet,2026-08-17
Draft Fantasy - Draft Cheat Sheet 2026/27 (240-player tiered board),14,O'Reilly,Man City,https://www.draftfantasy.com/fpl/draft-cheat-sheet,2026-08-17
Draft Fantasy - Draft Cheat Sheet 2026/27 (240-player tiered board),15,Senesi,Spurs,https://www.draftfantasy.com/fpl/draft-cheat-sheet,2026-08-17
Draft Fantasy - Draft Cheat Sheet 2026/27 (240-player tiered board),16,Munoz,Crystal Palace,https://www.draftfantasy.com/fpl/draft-cheat-sheet,2026-08-17
Draft Fantasy - Draft Cheat Sheet 2026/27 (240-player tiered board),17,Calvert-Lewin,Leeds,https://www.draftfantasy.com/fpl/draft-cheat-sheet,2026-08-17
Draft Fantasy - Draft Cheat Sheet 2026/27 (240-player tiered board),18,Anderson,Man City,https://www.draftfantasy.com/fpl/draft-cheat-sheet,2026-08-17
Draft Fantasy - Draft Cheat Sheet 2026/27 (240-player tiered board),19,Virgil,Liverpool,https://www.draftfantasy.com/fpl/draft-cheat-sheet,2026-08-17
Draft Fantasy - Draft Cheat Sheet 2026/27 (240-player tiered board),20,Stach,Leeds,https://www.draftfantasy.com/fpl/draft-cheat-sheet,2026-08-17
Draft Fantasy - Draft Cheat Sheet 2026/27 (240-player tiered board),21,Tarkowski,Everton,https://www.draftfantasy.com/fpl/draft-cheat-sheet,2026-08-17
Draft Fantasy - Draft Cheat Sheet 2026/27 (240-player tiered board),22,Wilson,Leeds,https://www.draftfantasy.com/fpl/draft-cheat-sheet,2026-08-17
Draft Fantasy - Draft Cheat Sheet 2026/27 (240-player tiered board),23,Matheus N.,Man City,https://www.draftfantasy.com/fpl/draft-cheat-sheet,2026-08-17
Draft Fantasy - Draft Cheat Sheet 2026/27 (240-player tiered board),24,Raya,Arsenal,https://www.draftfantasy.com/fpl/draft-cheat-sheet,2026-08-17
Draft Fantasy - Draft Cheat Sheet 2026/27 (240-player tiered board),25,Rogers,Chelsea,https://www.draftfantasy.com/fpl/draft-cheat-sheet,2026-08-17
Draft Fantasy - Draft Cheat Sheet 2026/27 (240-player tiered board),26,Gvardiol,Man City,https://www.draftfantasy.com/fpl/draft-cheat-sheet,2026-08-17
Draft Fantasy - Draft Cheat Sheet 2026/27 (240-player tiered board),27,Lacroix,Chelsea,https://www.draftfantasy.com/fpl/draft-cheat-sheet,2026-08-17
Draft Fantasy - Draft Cheat Sheet 2026/27 (240-player tiered board),28,Mukiele,Sunderland,https://www.draftfantasy.com/fpl/draft-cheat-sheet,2026-08-17
Draft Fantasy - Draft Cheat Sheet 2026/27 (240-player tiered board),29,Mbeumo,Man Utd,https://www.draftfantasy.com/fpl/draft-cheat-sheet,2026-08-17
Draft Fantasy - Draft Cheat Sheet 2026/27 (240-player tiered board),30,Ruben,Man City,https://www.draftfantasy.com/fpl/draft-cheat-sheet,2026-08-17
Draft Fantasy - Draft Cheat Sheet 2026/27 (240-player tiered board),31,Rayan,Bournemouth,https://www.draftfantasy.com/fpl/draft-cheat-sheet,2026-08-17
Draft Fantasy - Draft Cheat Sheet 2026/27 (240-player tiered board),32,Richarlison,Spurs,https://www.draftfantasy.com/fpl/draft-cheat-sheet,2026-08-17
Draft Fantasy - Draft Cheat Sheet 2026/27 (240-player tiered board),33,Szoboszlai,Liverpool,https://www.draftfantasy.com/fpl/draft-cheat-sheet,2026-08-17
Draft Fantasy - Draft Cheat Sheet 2026/27 (240-player tiered board),34,Truffert,Bournemouth,https://www.draftfantasy.com/fpl/draft-cheat-sheet,2026-08-17
Draft Fantasy - Draft Cheat Sheet 2026/27 (240-player tiered board),35,Palmer,Chelsea,https://www.draftfantasy.com/fpl/draft-cheat-sheet,2026-08-17
Draft Fantasy - Draft Cheat Sheet 2026/27 (240-player tiered board),36,Enzo,Chelsea,https://www.draftfantasy.com/fpl/draft-cheat-sheet,2026-08-17
Draft Fantasy - Draft Cheat Sheet 2026/27 (240-player tiered board),37,Ekitike,Liverpool,https://www.draftfantasy.com/fpl/draft-cheat-sheet,2026-08-17
Draft Fantasy - Draft Cheat Sheet 2026/27 (240-player tiered board),38,Cunha,Man Utd,https://www.draftfantasy.com/fpl/draft-cheat-sheet,2026-08-17
Draft Fantasy - Draft Cheat Sheet 2026/27 (240-player tiered board),39,Calafiori,Arsenal,https://www.draftfantasy.com/fpl/draft-cheat-sheet,2026-08-17
Draft Fantasy - Draft Cheat Sheet 2026/27 (240-player tiered board),40,Gyokeres,Arsenal,https://www.draftfantasy.com/fpl/draft-cheat-sheet,2026-08-17
Draft Fantasy - Draft Cheat Sheet 2026/27 (240-player tiered board),41,Mateta,Crystal Palace,https://www.draftfantasy.com/fpl/draft-cheat-sheet,2026-08-17
Draft Fantasy - Draft Cheat Sheet 2026/27 (240-player tiered board),42,O.Dango,Brentford,https://www.draftfantasy.com/fpl/draft-cheat-sheet,2026-08-17
Draft Fantasy - Draft Cheat Sheet 2026/27 (240-player tiered board),43,Van Hecke,Spurs,https://www.draftfantasy.com/fpl/draft-cheat-sheet,2026-08-17
Draft Fantasy - Draft Cheat Sheet 2026/27 (240-player tiered board),44,Sesko,Man Utd,https://www.draftfantasy.com/fpl/draft-cheat-sheet,2026-08-17
Draft Fantasy - Draft Cheat Sheet 2026/27 (240-player tiered board),45,Donnarumma,Man City,https://www.draftfantasy.com/fpl/draft-cheat-sheet,2026-08-17
Draft Fantasy - Draft Cheat Sheet 2026/27 (240-player tiered board),46,Sarr,Crystal Palace,https://www.draftfantasy.com/fpl/draft-cheat-sheet,2026-08-17
Draft Fantasy - Draft Cheat Sheet 2026/27 (240-player tiered board),47,J.Timber,Arsenal,https://www.draftfantasy.com/fpl/draft-cheat-sheet,2026-08-17
Draft Fantasy - Draft Cheat Sheet 2026/27 (240-player tiered board),48,Welbeck,Chelsea,https://www.draftfantasy.com/fpl/draft-cheat-sheet,2026-08-17
Draft Fantasy - Draft Cheat Sheet 2026/27 (240-player tiered board),49,Cherki,Man City,https://www.draftfantasy.com/fpl/draft-cheat-sheet,2026-08-17
Draft Fantasy - Draft Cheat Sheet 2026/27 (240-player tiered board),50,Gross,Brighton,https://www.draftfantasy.com/fpl/draft-cheat-sheet,2026-08-17
Draft Fantasy - Draft Cheat Sheet 2026/27 (240-player tiered board),51,James,Chelsea,https://www.draftfantasy.com/fpl/draft-cheat-sheet,2026-08-17
Draft Fantasy - Draft Cheat Sheet 2026/27 (240-player tiered board),52,Ballard,Sunderland,https://www.draftfantasy.com/fpl/draft-cheat-sheet,2026-08-17
Draft Fantasy - Draft Cheat Sheet 2026/27 (240-player tiered board),53,E.Le Fee,Sunderland,https://www.draftfantasy.com/fpl/draft-cheat-sheet,2026-08-17
Draft Fantasy - Draft Cheat Sheet 2026/27 (240-player tiered board),54,Keane,Everton,https://www.draftfantasy.com/fpl/draft-cheat-sheet,2026-08-17
Draft Fantasy - Draft Cheat Sheet 2026/27 (240-player tiered board),55,Bijol,Leeds,https://www.draftfantasy.com/fpl/draft-cheat-sheet,2026-08-17
Draft Fantasy - Draft Cheat Sheet 2026/27 (240-player tiered board),56,Roefs,Sunderland,https://www.draftfantasy.com/fpl/draft-cheat-sheet,2026-08-17
Draft Fantasy - Draft Cheat Sheet 2026/27 (240-player tiered board),57,Kelleher,Brentford,https://www.draftfantasy.com/fpl/draft-cheat-sheet,2026-08-17
Draft Fantasy - Draft Cheat Sheet 2026/27 (240-player tiered board),58,Romero,Spurs,https://www.draftfantasy.com/fpl/draft-cheat-sheet,2026-08-17
Draft Fantasy - Draft Cheat Sheet 2026/27 (240-player tiered board),59,Maguire,Man Utd,https://www.draftfantasy.com/fpl/draft-cheat-sheet,2026-08-17
Draft Fantasy - Draft Cheat Sheet 2026/27 (240-player tiered board),60,Tavernier,Bournemouth,https://www.draftfantasy.com/fpl/draft-cheat-sheet,2026-08-17
Draft Fantasy - Draft Cheat Sheet 2026/27 (240-player tiered board),61,Doku,Man City,https://www.draftfantasy.com/fpl/draft-cheat-sheet,2026-08-17
Draft Fantasy - Draft Cheat Sheet 2026/27 (240-player tiered board),62,Woltemade,Newcastle,https://www.draftfantasy.com/fpl/draft-cheat-sheet,2026-08-17
Draft Fantasy - Draft Cheat Sheet 2026/27 (240-player tiered board),63,Gravenberch,Liverpool,https://www.draftfantasy.com/fpl/draft-cheat-sheet,2026-08-17
Draft Fantasy - Draft Cheat Sheet 2026/27 (240-player tiered board),64,Ndiaye,Everton,https://www.draftfantasy.com/fpl/draft-cheat-sheet,2026-08-17
Draft Fantasy - Draft Cheat Sheet 2026/27 (240-player tiered board),65,Foden,Man City,https://www.draftfantasy.com/fpl/draft-cheat-sheet,2026-08-17
Draft Fantasy - Draft Cheat Sheet 2026/27 (240-player tiered board),66,Richards,Crystal Palace,https://www.draftfantasy.com/fpl/draft-cheat-sheet,2026-08-17
Draft Fantasy - Draft Cheat Sheet 2026/27 (240-player tiered board),67,Martinez,Aston Villa,https://www.draftfantasy.com/fpl/draft-cheat-sheet,2026-08-17
Draft Fantasy - Draft Cheat Sheet 2026/27 (240-player tiered board),68,Evanilson,Bournemouth,https://www.draftfantasy.com/fpl/draft-cheat-sheet,2026-08-17
Draft Fantasy - Draft Cheat Sheet 2026/27 (240-player tiered board),69,Osula,Newcastle,https://www.draftfantasy.com/fpl/draft-cheat-sheet,2026-08-17
Draft Fantasy - Draft Cheat Sheet 2026/27 (240-player tiered board),70,Hill,Bournemouth,https://www.draftfantasy.com/fpl/draft-cheat-sheet,2026-08-17
Draft Fantasy - Draft Cheat Sheet 2026/27 (240-player tiered board),71,Okafor,Leeds,https://www.draftfantasy.com/fpl/draft-cheat-sheet,2026-08-17
Draft Fantasy - Draft Cheat Sheet 2026/27 (240-player tiered board),72,White,Arsenal,https://www.draftfantasy.com/fpl/draft-cheat-sheet,2026-08-17
Draft Fantasy - Draft Cheat Sheet 2026/27 (240-player tiered board),73,Aina,Nottingham Forest,https://www.draftfantasy.com/fpl/draft-cheat-sheet,2026-08-17
Draft Fantasy - Draft Cheat Sheet 2026/27 (240-player tiered board),74,Ampadu,Leeds,https://www.draftfantasy.com/fpl/draft-cheat-sheet,2026-08-17
Draft Fantasy - Draft Cheat Sheet 2026/27 (240-player tiered board),75,Igor Jesus,Nottingham Forest,https://www.draftfantasy.com/fpl/draft-cheat-sheet,2026-08-17
Draft Fantasy - Draft Cheat Sheet 2026/27 (240-player tiered board),76,Collins,Brentford,https://www.draftfantasy.com/fpl/draft-cheat-sheet,2026-08-17
Draft Fantasy - Draft Cheat Sheet 2026/27 (240-player tiered board),77,Wirtz,Liverpool,https://www.draftfantasy.com/fpl/draft-cheat-sheet,2026-08-17
Draft Fantasy - Draft Cheat Sheet 2026/27 (240-player tiered board),78,Tete,Fulham,https://www.draftfantasy.com/fpl/draft-cheat-sheet,2026-08-17
Draft Fantasy - Draft Cheat Sheet 2026/27 (240-player tiered board),79,Havertz,Arsenal,https://www.draftfantasy.com/fpl/draft-cheat-sheet,2026-08-17
Draft Fantasy - Draft Cheat Sheet 2026/27 (240-player tiered board),80,Pope,Newcastle,https://www.draftfantasy.com/fpl/draft-cheat-sheet,2026-08-17
Draft Fantasy - Draft Cheat Sheet 2026/27 (240-player tiered board),81,Fernandes,Spurs,https://www.draftfantasy.com/fpl/draft-cheat-sheet,2026-08-17
Draft Fantasy - Draft Cheat Sheet 2026/27 (240-player tiered board),82,Pickford,Everton,https://www.draftfantasy.com/fpl/draft-cheat-sheet,2026-08-17
Draft Fantasy - Draft Cheat Sheet 2026/27 (240-player tiered board),83,Henderson,Crystal Palace,https://www.draftfantasy.com/fpl/draft-cheat-sheet,2026-08-17
Draft Fantasy - Draft Cheat Sheet 2026/27 (240-player tiered board),84,Andersen,Fulham,https://www.draftfantasy.com/fpl/draft-cheat-sheet,2026-08-17
Draft Fantasy - Draft Cheat Sheet 2026/27 (240-player tiered board),85,Wieffer,Brighton,https://www.draftfantasy.com/fpl/draft-cheat-sheet,2026-08-17
Draft Fantasy - Draft Cheat Sheet 2026/27 (240-player tiered board),86,Grealish,Man City,https://www.draftfantasy.com/fpl/draft-cheat-sheet,2026-08-17
Draft Fantasy - Draft Cheat Sheet 2026/27 (240-player tiered board),87,Saliba,Arsenal,https://www.draftfantasy.com/fpl/draft-cheat-sheet,2026-08-17
Draft Fantasy - Draft Cheat Sheet 2026/27 (240-player tiered board),88,Thiaw,Newcastle,https://www.draftfantasy.com/fpl/draft-cheat-sheet,2026-08-17
Draft Fantasy - Draft Cheat Sheet 2026/27 (240-player tiered board),89,Kudus,Spurs,https://www.draftfantasy.com/fpl/draft-cheat-sheet,2026-08-17
Draft Fantasy - Draft Cheat Sheet 2026/27 (240-player tiered board),90,Canvot,Crystal Palace,https://www.draftfantasy.com/fpl/draft-cheat-sheet,2026-08-17
Draft Fantasy - Draft Cheat Sheet 2026/27 (240-player tiered board),91,A.Becker,Liverpool,https://www.draftfantasy.com/fpl/draft-cheat-sheet,2026-08-17
Draft Fantasy - Draft Cheat Sheet 2026/27 (240-player tiered board),92,Brobbey,Sunderland,https://www.draftfantasy.com/fpl/draft-cheat-sheet,2026-08-17
Draft Fantasy - Draft Cheat Sheet 2026/27 (240-player tiered board),93,Neto,Chelsea,https://www.draftfantasy.com/fpl/draft-cheat-sheet,2026-08-17
Draft Fantasy - Draft Cheat Sheet 2026/27 (240-player tiered board),94,Dorgu,Man Utd,https://www.draftfantasy.com/fpl/draft-cheat-sheet,2026-08-17
Draft Fantasy - Draft Cheat Sheet 2026/27 (240-player tiered board),95,Isak,Liverpool,https://www.draftfantasy.com/fpl/draft-cheat-sheet,2026-08-17
Draft Fantasy - Draft Cheat Sheet 2026/27 (240-player tiered board),96,Scott,Bournemouth,https://www.draftfantasy.com/fpl/draft-cheat-sheet,2026-08-17
Draft Fantasy - Draft Cheat Sheet 2026/27 (240-player tiered board),97,Mitchell,Crystal Palace,https://www.draftfantasy.com/fpl/draft-cheat-sheet,2026-08-17
Draft Fantasy - Draft Cheat Sheet 2026/27 (240-player tiered board),98,Botman,Newcastle,https://www.draftfantasy.com/fpl/draft-cheat-sheet,2026-08-17
Draft Fantasy - Draft Cheat Sheet 2026/27 (240-player tiered board),99,Ait-Nouri,Man City,https://www.draftfantasy.com/fpl/draft-cheat-sheet,2026-08-17
Draft Fantasy - Draft Cheat Sheet 2026/27 (240-player tiered board),100,Gakpo,Liverpool,https://www.draftfantasy.com/fpl/draft-cheat-sheet,2026-08-17
Draft Fantasy - Draft Cheat Sheet 2026/27 (240-player tiered board),101,Rulli,Man City,https://www.draftfantasy.com/fpl/draft-cheat-sheet,2026-08-17
Draft Fantasy - Draft Cheat Sheet 2026/27 (240-player tiered board),102,Arrizabalaga,Arsenal,https://www.draftfantasy.com/fpl/draft-cheat-sheet,2026-08-17
Draft Fantasy - Draft Cheat Sheet 2026/27 (240-player tiered board),103,Meslier,Arsenal,https://www.draftfantasy.com/fpl/draft-cheat-sheet,2026-08-17
Draft Fantasy - Draft Cheat Sheet 2026/27 (240-player tiered board),104,Xhaka,Sunderland,https://www.draftfantasy.com/fpl/draft-cheat-sheet,2026-08-17
Draft Fantasy - Draft Cheat Sheet 2026/27 (240-player tiered board),105,Alderete,Sunderland,https://www.draftfantasy.com/fpl/draft-cheat-sheet,2026-08-17
Draft Fantasy - Draft Cheat Sheet 2026/27 (240-player tiered board),106,Hornicek,Newcastle,https://www.draftfantasy.com/fpl/draft-cheat-sheet,2026-08-17
Draft Fantasy - Draft Cheat Sheet 2026/27 (240-player tiered board),107,Trafford,Leeds,https://www.draftfantasy.com/fpl/draft-cheat-sheet,2026-08-17
Draft Fantasy - Draft Cheat Sheet 2026/27 (240-player tiered board),108,Travers,Everton,https://www.draftfantasy.com/fpl/draft-cheat-sheet,2026-08-17
Draft Fantasy - Draft Cheat Sheet 2026/27 (240-player tiered board),109,Sessegnon,Fulham,https://www.draftfantasy.com/fpl/draft-cheat-sheet,2026-08-17
Draft Fantasy - Draft Cheat Sheet 2026/27 (240-player tiered board),110,Verbruggen,Brighton,https://www.draftfantasy.com/fpl/draft-cheat-sheet,2026-08-17
Draft Fantasy - Draft Cheat Sheet 2026/27 (240-player tiered board),111,Lammens,Man Utd,https://www.draftfantasy.com/fpl/draft-cheat-sheet,2026-08-17
Draft Fantasy - Draft Cheat Sheet 2026/27 (240-player tiered board),112,Hincapie,Arsenal,https://www.draftfantasy.com/fpl/draft-cheat-sheet,2026-08-17
Draft Fantasy - Draft Cheat Sheet 2026/27 (240-player tiered board),113,Bettinelli,Man City,https://www.draftfantasy.com/fpl/draft-cheat-sheet,2026-08-17
Draft Fantasy - Draft Cheat Sheet 2026/27 (240-player tiered board),114,Penders,Chelsea,https://www.draftfantasy.com/fpl/draft-cheat-sheet,2026-08-17
Draft Fantasy - Draft Cheat Sheet 2026/27 (240-player tiered board),115,Mamardashvili,Liverpool,https://www.draftfantasy.com/fpl/draft-cheat-sheet,2026-08-17
Draft Fantasy - Draft Cheat Sheet 2026/27 (240-player tiered board),116,Valdimarsson,Brentford,https://www.draftfantasy.com/fpl/draft-cheat-sheet,2026-08-17
Draft Fantasy - Draft Cheat Sheet 2026/27 (240-player tiered board),117,Gillespie,Newcastle,https://www.draftfantasy.com/fpl/draft-cheat-sheet,2026-08-17
Draft Fantasy - Draft Cheat Sheet 2026/27 (240-player tiered board),118,Jaouen,Newcastle,https://www.draftfantasy.com/fpl/draft-cheat-sheet,2026-08-17
Draft Fantasy - Draft Cheat Sheet 2026/27 (240-player tiered board),119,Benitez,Crystal Palace,https://www.draftfantasy.com/fpl/draft-cheat-sheet,2026-08-17
Draft Fantasy - Draft Cheat Sheet 2026/27 (240-player tiered board),120,Schade,Brentford,https://www.draftfantasy.com/fpl/draft-cheat-sheet,2026-08-17
Draft Fantasy - Draft Cheat Sheet 2026/27 (240-player tiered board),121,M.Bizot,Aston Villa,https://www.draftfantasy.com/fpl/draft-cheat-sheet,2026-08-17
Draft Fantasy - Draft Cheat Sheet 2026/27 (240-player tiered board),122,King,Everton,https://www.draftfantasy.com/fpl/draft-cheat-sheet,2026-08-17
Draft Fantasy - Draft Cheat Sheet 2026/27 (240-player tiered board),123,John,Nottingham Forest,https://www.draftfantasy.com/fpl/draft-cheat-sheet,2026-08-17
Draft Fantasy - Draft Cheat Sheet 2026/27 (240-player tiered board),124,Rushworth,Coventry,https://www.draftfantasy.com/fpl/draft-cheat-sheet,2026-08-17
Draft Fantasy - Draft Cheat Sheet 2026/27 (240-player tiered board),125,Wilson,Coventry,https://www.draftfantasy.com/fpl/draft-cheat-sheet,2026-08-17
Draft Fantasy - Draft Cheat Sheet 2026/27 (240-player tiered board),126,Sels,Nottingham Forest,https://www.draftfantasy.com/fpl/draft-cheat-sheet,2026-08-17
Draft Fantasy - Draft Cheat Sheet 2026/27 (240-player tiered board),127,Kinsky,Spurs,https://www.draftfantasy.com/fpl/draft-cheat-sheet,2026-08-17
Draft Fantasy - Draft Cheat Sheet 2026/27 (240-player tiered board),128,Scherpen,Ipswich,https://www.draftfantasy.com/fpl/draft-cheat-sheet,2026-08-17
Draft Fantasy - Draft Cheat Sheet 2026/27 (240-player tiered board),129,N.Williams,Nottingham Forest,https://www.draftfantasy.com/fpl/draft-cheat-sheet,2026-08-17
Draft Fantasy - Draft Cheat Sheet 2026/27 (240-player tiered board),130,Iwobi,Fulham,https://www.draftfantasy.com/fpl/draft-cheat-sheet,2026-08-17
Draft Fantasy - Draft Cheat Sheet 2026/27 (240-player tiered board),131,Beto,Everton,https://www.draftfantasy.com/fpl/draft-cheat-sheet,2026-08-17
Draft Fantasy - Draft Cheat Sheet 2026/27 (240-player tiered board),132,Pedro Porro,Spurs,https://www.draftfantasy.com/fpl/draft-cheat-sheet,2026-08-17
Draft Fantasy - Draft Cheat Sheet 2026/27 (240-player tiered board),133,Bassey,Fulham,https://www.draftfantasy.com/fpl/draft-cheat-sheet,2026-08-17
Draft Fantasy - Draft Cheat Sheet 2026/27 (240-player tiered board),134,Rashford,Man Utd,https://www.draftfantasy.com/fpl/draft-cheat-sheet,2026-08-17
Draft Fantasy - Draft Cheat Sheet 2026/27 (240-player tiered board),135,Zubimendi,Arsenal,https://www.draftfantasy.com/fpl/draft-cheat-sheet,2026-08-17
Draft Fantasy - Draft Cheat Sheet 2026/27 (240-player tiered board),136,N.Jackson,Chelsea,https://www.draftfantasy.com/fpl/draft-cheat-sheet,2026-08-17
Draft Fantasy - Draft Cheat Sheet 2026/27 (240-player tiered board),137,Wood,Nottingham Forest,https://www.draftfantasy.com/fpl/draft-cheat-sheet,2026-08-17
Draft Fantasy - Draft Cheat Sheet 2026/27 (240-player tiered board),138,Eze,Arsenal,https://www.draftfantasy.com/fpl/draft-cheat-sheet,2026-08-17
Draft Fantasy - Draft Cheat Sheet 2026/27 (240-player tiered board),139,Cash,Aston Villa,https://www.draftfantasy.com/fpl/draft-cheat-sheet,2026-08-17
Draft Fantasy - Draft Cheat Sheet 2026/27 (240-player tiered board),140,McGinn,Aston Villa,https://www.draftfantasy.com/fpl/draft-cheat-sheet,2026-08-17
Draft Fantasy - Draft Cheat Sheet 2026/27 (240-player tiered board),141,Damsgaard,Brentford,https://www.draftfantasy.com/fpl/draft-cheat-sheet,2026-08-17
Draft Fantasy - Draft Cheat Sheet 2026/27 (240-player tiered board),142,Murillo,Nottingham Forest,https://www.draftfantasy.com/fpl/draft-cheat-sheet,2026-08-17
Draft Fantasy - Draft Cheat Sheet 2026/27 (240-player tiered board),143,Van de Ven,Spurs,https://www.draftfantasy.com/fpl/draft-cheat-sheet,2026-08-17
Draft Fantasy - Draft Cheat Sheet 2026/27 (240-player tiered board),144,Aaronson,Leeds,https://www.draftfantasy.com/fpl/draft-cheat-sheet,2026-08-17
Draft Fantasy - Draft Cheat Sheet 2026/27 (240-player tiered board),145,Solanke,Spurs,https://www.draftfantasy.com/fpl/draft-cheat-sheet,2026-08-17
Draft Fantasy - Draft Cheat Sheet 2026/27 (240-player tiered board),146,Dalot,Man Utd,https://www.draftfantasy.com/fpl/draft-cheat-sheet,2026-08-17
Draft Fantasy - Draft Cheat Sheet 2026/27 (240-player tiered board),147,Kamara,Aston Villa,https://www.draftfantasy.com/fpl/draft-cheat-sheet,2026-08-17
Draft Fantasy - Draft Cheat Sheet 2026/27 (240-player tiered board),148,Garner,Everton,https://www.draftfantasy.com/fpl/draft-cheat-sheet,2026-08-17
Draft Fantasy - Draft Cheat Sheet 2026/27 (240-player tiered board),149,Ayari,Brighton,https://www.draftfantasy.com/fpl/draft-cheat-sheet,2026-08-17
Draft Fantasy - Draft Cheat Sheet 2026/27 (240-player tiered board),150,Hinshelwood,Brighton,https://www.draftfantasy.com/fpl/draft-cheat-sheet,2026-08-17
Draft Fantasy - Draft Cheat Sheet 2026/27 (240-player tiered board),151,Livramento,Newcastle,https://www.draftfantasy.com/fpl/draft-cheat-sheet,2026-08-17
Draft Fantasy - Draft Cheat Sheet 2026/27 (240-player tiered board),152,Boscagli,Brighton,https://www.draftfantasy.com/fpl/draft-cheat-sheet,2026-08-17
Draft Fantasy - Draft Cheat Sheet 2026/27 (240-player tiered board),153,Justin,Leeds,https://www.draftfantasy.com/fpl/draft-cheat-sheet,2026-08-17
Draft Fantasy - Draft Cheat Sheet 2026/27 (240-player tiered board),154,Palestra,Chelsea,https://www.draftfantasy.com/fpl/draft-cheat-sheet,2026-08-17
Draft Fantasy - Draft Cheat Sheet 2026/27 (240-player tiered board),155,Araujo,Liverpool,https://www.draftfantasy.com/fpl/draft-cheat-sheet,2026-08-17
Draft Fantasy - Draft Cheat Sheet 2026/27 (240-player tiered board),156,Caicedo,Chelsea,https://www.draftfantasy.com/fpl/draft-cheat-sheet,2026-08-17
Draft Fantasy - Draft Cheat Sheet 2026/27 (240-player tiered board),157,Diomande,Nottingham Forest,https://www.draftfantasy.com/fpl/draft-cheat-sheet,2026-08-17
Draft Fantasy - Draft Cheat Sheet 2026/27 (240-player tiered board),158,Burn,Newcastle,https://www.draftfantasy.com/fpl/draft-cheat-sheet,2026-08-17
Draft Fantasy - Draft Cheat Sheet 2026/27 (240-player tiered board),159,Khusanov,Man City,https://www.draftfantasy.com/fpl/draft-cheat-sheet,2026-08-17
Draft Fantasy - Draft Cheat Sheet 2026/27 (240-player tiered board),160,F.Kadioglu,Brighton,https://www.draftfantasy.com/fpl/draft-cheat-sheet,2026-08-17
Draft Fantasy - Draft Cheat Sheet 2026/27 (240-player tiered board),161,Branthwaite,Everton,https://www.draftfantasy.com/fpl/draft-cheat-sheet,2026-08-17
Draft Fantasy - Draft Cheat Sheet 2026/27 (240-player tiered board),162,Reijnders,Man City,https://www.draftfantasy.com/fpl/draft-cheat-sheet,2026-08-17
Draft Fantasy - Draft Cheat Sheet 2026/27 (240-player tiered board),163,Bentancur,Spurs,https://www.draftfantasy.com/fpl/draft-cheat-sheet,2026-08-17
Draft Fantasy - Draft Cheat Sheet 2026/27 (240-player tiered board),164,Wharton,Crystal Palace,https://www.draftfantasy.com/fpl/draft-cheat-sheet,2026-08-17
Draft Fantasy - Draft Cheat Sheet 2026/27 (240-player tiered board),165,Alleyne,Man City,https://www.draftfantasy.com/fpl/draft-cheat-sheet,2026-08-17
Draft Fantasy - Draft Cheat Sheet 2026/27 (240-player tiered board),166,Chavarria,Chelsea,https://www.draftfantasy.com/fpl/draft-cheat-sheet,2026-08-17
Draft Fantasy - Draft Cheat Sheet 2026/27 (240-player tiered board),167,Colwill,Chelsea,https://www.draftfantasy.com/fpl/draft-cheat-sheet,2026-08-17
Draft Fantasy - Draft Cheat Sheet 2026/27 (240-player tiered board),168,Jacquet,Liverpool,https://www.draftfantasy.com/fpl/draft-cheat-sheet,2026-08-17
Draft Fantasy - Draft Cheat Sheet 2026/27 (240-player tiered board),169,Tsimikas,Liverpool,https://www.draftfantasy.com/fpl/draft-cheat-sheet,2026-08-17
Draft Fantasy - Draft Cheat Sheet 2026/27 (240-player tiered board),170,Svoboda,Brighton,https://www.draftfantasy.com/fpl/draft-cheat-sheet,2026-08-17
Draft Fantasy - Draft Cheat Sheet 2026/27 (240-player tiered board),171,Vuskovic,Brighton,https://www.draftfantasy.com/fpl/draft-cheat-sheet,2026-08-17
Draft Fantasy - Draft Cheat Sheet 2026/27 (240-player tiered board),172,Silva,Bournemouth,https://www.draftfantasy.com/fpl/draft-cheat-sheet,2026-08-17
Draft Fantasy - Draft Cheat Sheet 2026/27 (240-player tiered board),173,Muharemovic,Leeds,https://www.draftfantasy.com/fpl/draft-cheat-sheet,2026-08-17
Draft Fantasy - Draft Cheat Sheet 2026/27 (240-player tiered board),174,Awoniyi,Nottingham Forest,https://www.draftfantasy.com/fpl/draft-cheat-sheet,2026-08-17
Draft Fantasy - Draft Cheat Sheet 2026/27 (240-player tiered board),175,Diarra,Sunderland,https://www.draftfantasy.com/fpl/draft-cheat-sheet,2026-08-17
Draft Fantasy - Draft Cheat Sheet 2026/27 (240-player tiered board),176,Georginio,Brighton,https://www.draftfantasy.com/fpl/draft-cheat-sheet,2026-08-17
Draft Fantasy - Draft Cheat Sheet 2026/27 (240-player tiered board),177,O'Brien,Everton,https://www.draftfantasy.com/fpl/draft-cheat-sheet,2026-08-17
Draft Fantasy - Draft Cheat Sheet 2026/27 (240-player tiered board),178,Barry,Everton,https://www.draftfantasy.com/fpl/draft-cheat-sheet,2026-08-17
Draft Fantasy - Draft Cheat Sheet 2026/27 (240-player tiered board),179,Milenkovic,Nottingham Forest,https://www.draftfantasy.com/fpl/draft-cheat-sheet,2026-08-17
Draft Fantasy - Draft Cheat Sheet 2026/27 (240-player tiered board),180,Marmoush,Man City,https://www.draftfantasy.com/fpl/draft-cheat-sheet,2026-08-17
Draft Fantasy - Draft Cheat Sheet 2026/27 (240-player tiered board),181,Rodon,Leeds,https://www.draftfantasy.com/fpl/draft-cheat-sheet,2026-08-17
Draft Fantasy - Draft Cheat Sheet 2026/27 (240-player tiered board),182,Vitor Reis,Man City,https://www.draftfantasy.com/fpl/draft-cheat-sheet,2026-08-17
Draft Fantasy - Draft Cheat Sheet 2026/27 (240-player tiered board),183,Anselmino,Chelsea,https://www.draftfantasy.com/fpl/draft-cheat-sheet,2026-08-17
Draft Fantasy - Draft Cheat Sheet 2026/27 (240-player tiered board),184,B.Badiashile,Chelsea,https://www.draftfantasy.com/fpl/draft-cheat-sheet,2026-08-17
Draft Fantasy - Draft Cheat Sheet 2026/27 (240-player tiered board),185,Disasi,Chelsea,https://www.draftfantasy.com/fpl/draft-cheat-sheet,2026-08-17
Draft Fantasy - Draft Cheat Sheet 2026/27 (240-player tiered board),186,M.Sarr,Chelsea,https://www.draftfantasy.com/fpl/draft-cheat-sheet,2026-08-17
Draft Fantasy - Draft Cheat Sheet 2026/27 (240-player tiered board),187,Ji-soo,Brentford,https://www.draftfantasy.com/fpl/draft-cheat-sheet,2026-08-17
Draft Fantasy - Draft Cheat Sheet 2026/27 (240-player tiered board),188,Pinnock,Brentford,https://www.draftfantasy.com/fpl/draft-cheat-sheet,2026-08-17
Draft Fantasy - Draft Cheat Sheet 2026/27 (240-player tiered board),189,Schuster,Brentford,https://www.draftfantasy.com/fpl/draft-cheat-sheet,2026-08-17
Draft Fantasy - Draft Cheat Sheet 2026/27 (240-player tiered board),190,Coppola,Brighton,https://www.draftfantasy.com/fpl/draft-cheat-sheet,2026-08-17
Draft Fantasy - Draft Cheat Sheet 2026/27 (240-player tiered board),191,Costinha,Brighton,https://www.draftfantasy.com/fpl/draft-cheat-sheet,2026-08-17
Draft Fantasy - Draft Cheat Sheet 2026/27 (240-player tiered board),192,Igor,Brighton,https://www.draftfantasy.com/fpl/draft-cheat-sheet,2026-08-17
Draft Fantasy - Draft Cheat Sheet 2026/27 (240-player tiered board),193,Chadi Riad,Crystal Palace,https://www.draftfantasy.com/fpl/draft-cheat-sheet,2026-08-17
Draft Fantasy - Draft Cheat Sheet 2026/27 (240-player tiered board),194,Sangare,Nottingham Forest,https://www.draftfantasy.com/fpl/draft-cheat-sheet,2026-08-17
Draft Fantasy - Draft Cheat Sheet 2026/27 (240-player tiered board),195,Garcia,Fulham,https://www.draftfantasy.com/fpl/draft-cheat-sheet,2026-08-17
Draft Fantasy - Draft Cheat Sheet 2026/27 (240-player tiered board),196,L.Miley,Newcastle,https://www.draftfantasy.com/fpl/draft-cheat-sheet,2026-08-17
Draft Fantasy - Draft Cheat Sheet 2026/27 (240-player tiered board),197,Wilson,Brentford,https://www.draftfantasy.com/fpl/draft-cheat-sheet,2026-08-17
Draft Fantasy - Draft Cheat Sheet 2026/27 (240-player tiered board),198,Kalimuendo,Nottingham Forest,https://www.draftfantasy.com/fpl/draft-cheat-sheet,2026-08-17
Draft Fantasy - Draft Cheat Sheet 2026/27 (240-player tiered board),199,Odegaard,Arsenal,https://www.draftfantasy.com/fpl/draft-cheat-sheet,2026-08-17
Draft Fantasy - Draft Cheat Sheet 2026/27 (240-player tiered board),200,Emersonn,Ipswich,https://www.draftfantasy.com/fpl/draft-cheat-sheet,2026-08-17
Draft Fantasy - Draft Cheat Sheet 2026/27 (240-player tiered board),201,McBurnie,Hull,https://www.draftfantasy.com/fpl/draft-cheat-sheet,2026-08-17
Draft Fantasy - Draft Cheat Sheet 2026/27 (240-player tiered board),202,Tzolis,Arsenal,https://www.draftfantasy.com/fpl/draft-cheat-sheet,2026-08-17
Draft Fantasy - Draft Cheat Sheet 2026/27 (240-player tiered board),203,Nmecha,Leeds,https://www.draftfantasy.com/fpl/draft-cheat-sheet,2026-08-17
Draft Fantasy - Draft Cheat Sheet 2026/27 (240-player tiered board),204,Merino,Arsenal,https://www.draftfantasy.com/fpl/draft-cheat-sheet,2026-08-17
Draft Fantasy - Draft Cheat Sheet 2026/27 (240-player tiered board),205,Lewis-Potter,Brentford,https://www.draftfantasy.com/fpl/draft-cheat-sheet,2026-08-17
Draft Fantasy - Draft Cheat Sheet 2026/27 (240-player tiered board),206,Munoz,Liverpool,https://www.draftfantasy.com/fpl/draft-cheat-sheet,2026-08-17
Draft Fantasy - Draft Cheat Sheet 2026/27 (240-player tiered board),207,Maddison,Spurs,https://www.draftfantasy.com/fpl/draft-cheat-sheet,2026-08-17
Draft Fantasy - Draft Cheat Sheet 2026/27 (240-player tiered board),208,Markelo,Coventry,https://www.draftfantasy.com/fpl/draft-cheat-sheet,2026-08-17
Draft Fantasy - Draft Cheat Sheet 2026/27 (240-player tiered board),209,Simms,Coventry,https://www.draftfantasy.com/fpl/draft-cheat-sheet,2026-08-17
Draft Fantasy - Draft Cheat Sheet 2026/27 (240-player tiered board),210,Thomas-Asante,Coventry,https://www.draftfantasy.com/fpl/draft-cheat-sheet,2026-08-17
Draft Fantasy - Draft Cheat Sheet 2026/27 (240-player tiered board),211,Akpom,Ipswich,https://www.draftfantasy.com/fpl/draft-cheat-sheet,2026-08-17
Draft Fantasy - Draft Cheat Sheet 2026/27 (240-player tiered board),212,Al-Hamadi,Ipswich,https://www.draftfantasy.com/fpl/draft-cheat-sheet,2026-08-17
Draft Fantasy - Draft Cheat Sheet 2026/27 (240-player tiered board),213,Hirst,Ipswich,https://www.draftfantasy.com/fpl/draft-cheat-sheet,2026-08-17
Draft Fantasy - Draft Cheat Sheet 2026/27 (240-player tiered board),214,Isidor,Sunderland,https://www.draftfantasy.com/fpl/draft-cheat-sheet,2026-08-17
Draft Fantasy - Draft Cheat Sheet 2026/27 (240-player tiered board),215,Gomez,Brighton,https://www.draftfantasy.com/fpl/draft-cheat-sheet,2026-08-17
Draft Fantasy - Draft Cheat Sheet 2026/27 (240-player tiered board),216,Rodriguez,Bournemouth,https://www.draftfantasy.com/fpl/draft-cheat-sheet,2026-08-17
Draft Fantasy - Draft Cheat Sheet 2026/27 (240-player tiered board),217,Tzimas,Brighton,https://www.draftfantasy.com/fpl/draft-cheat-sheet,2026-08-17
Draft Fantasy - Draft Cheat Sheet 2026/27 (240-player tiered board),218,Talbi,Sunderland,https://www.draftfantasy.com/fpl/draft-cheat-sheet,2026-08-17
Draft Fantasy - Draft Cheat Sheet 2026/27 (240-player tiered board),219,Janelt,Brentford,https://www.draftfantasy.com/fpl/draft-cheat-sheet,2026-08-17
Draft Fantasy - Draft Cheat Sheet 2026/27 (240-player tiered board),220,Hudson-Odoi,Nottingham Forest,https://www.draftfantasy.com/fpl/draft-cheat-sheet,2026-08-17
Draft Fantasy - Draft Cheat Sheet 2026/27 (240-player tiered board),221,Emegha,Chelsea,https://www.draftfantasy.com/fpl/draft-cheat-sheet,2026-08-17
Draft Fantasy - Draft Cheat Sheet 2026/27 (240-player tiered board),222,Mac Allister,Liverpool,https://www.draftfantasy.com/fpl/draft-cheat-sheet,2026-08-17
Draft Fantasy - Draft Cheat Sheet 2026/27 (240-player tiered board),223,Kroupi.Jr,Bournemouth,https://www.draftfantasy.com/fpl/draft-cheat-sheet,2026-08-17
Draft Fantasy - Draft Cheat Sheet 2026/27 (240-player tiered board),224,Adams,Bournemouth,https://www.draftfantasy.com/fpl/draft-cheat-sheet,2026-08-17
Draft Fantasy - Draft Cheat Sheet 2026/27 (240-player tiered board),225,Barnes,Newcastle,https://www.draftfantasy.com/fpl/draft-cheat-sheet,2026-08-17
Draft Fantasy - Draft Cheat Sheet 2026/27 (240-player tiered board),226,Amad,Man Utd,https://www.draftfantasy.com/fpl/draft-cheat-sheet,2026-08-17
Draft Fantasy - Draft Cheat Sheet 2026/27 (240-player tiered board),227,Buendia,Aston Villa,https://www.draftfantasy.com/fpl/draft-cheat-sheet,2026-08-17
Draft Fantasy - Draft Cheat Sheet 2026/27 (240-player tiered board),228,Strand Larsen,Crystal Palace,https://www.draftfantasy.com/fpl/draft-cheat-sheet,2026-08-17
Draft Fantasy - Draft Cheat Sheet 2026/27 (240-player tiered board),229,Yarmoliuk,Brentford,https://www.draftfantasy.com/fpl/draft-cheat-sheet,2026-08-17
Draft Fantasy - Draft Cheat Sheet 2026/27 (240-player tiered board),230,Minteh,Brighton,https://www.draftfantasy.com/fpl/draft-cheat-sheet,2026-08-17
Draft Fantasy - Draft Cheat Sheet 2026/27 (240-player tiered board),231,Madueke,Arsenal,https://www.draftfantasy.com/fpl/draft-cheat-sheet,2026-08-17
Draft Fantasy - Draft Cheat Sheet 2026/27 (240-player tiered board),232,Gallagher,Spurs,https://www.draftfantasy.com/fpl/draft-cheat-sheet,2026-08-17
Draft Fantasy - Draft Cheat Sheet 2026/27 (240-player tiered board),233,Toure,Newcastle,https://www.draftfantasy.com/fpl/draft-cheat-sheet,2026-08-17
Draft Fantasy - Draft Cheat Sheet 2026/27 (240-player tiered board),234,Anthony,Brentford,https://www.draftfantasy.com/fpl/draft-cheat-sheet,2026-08-17
Draft Fantasy - Draft Cheat Sheet 2026/27 (240-player tiered board),235,P.M.Sarr,Spurs,https://www.draftfantasy.com/fpl/draft-cheat-sheet,2026-08-17
Draft Fantasy - Draft Cheat Sheet 2026/27 (240-player tiered board),236,Madjo,Aston Villa,https://www.draftfantasy.com/fpl/draft-cheat-sheet,2026-08-17
Draft Fantasy - Draft Cheat Sheet 2026/27 (240-player tiered board),237,Wright,Coventry,https://www.draftfantasy.com/fpl/draft-cheat-sheet,2026-08-17
Draft Fantasy - Draft Cheat Sheet 2026/27 (240-player tiered board),238,Nketiah,Crystal Palace,https://www.draftfantasy.com/fpl/draft-cheat-sheet,2026-08-17
Draft Fantasy - Draft Cheat Sheet 2026/27 (240-player tiered board),239,Ferguson,Brighton,https://www.draftfantasy.com/fpl/draft-cheat-sheet,2026-08-17
Draft Fantasy - Draft Cheat Sheet 2026/27 (240-player tiered board),240,Obi,Man Utd,https://www.draftfantasy.com/fpl/draft-cheat-sheet,2026-08-17
Draft FC - My Top 20 FPL Draft Rankings,1,Erling Haaland,Man City,https://www.youtube.com/watch?v=0Igypp5nEuI,2026-08-14
Draft FC - My Top 20 FPL Draft Rankings,2,Bruno Fernandes,Man Utd,https://www.youtube.com/watch?v=0Igypp5nEuI,2026-08-14
Draft FC - My Top 20 FPL Draft Rankings,3,Cole Palmer,Chelsea,https://www.youtube.com/watch?v=0Igypp5nEuI,2026-08-14
Draft FC - My Top 20 FPL Draft Rankings,4,Joao Pedro,Chelsea,https://www.youtube.com/watch?v=0Igypp5nEuI,2026-08-14
Draft FC - My Top 20 FPL Draft Rankings,5,Alexander Isak,Liverpool,https://www.youtube.com/watch?v=0Igypp5nEuI,2026-08-14
Draft FC - My Top 20 FPL Draft Rankings,6,Bukayo Saka,Arsenal,https://www.youtube.com/watch?v=0Igypp5nEuI,2026-08-14
Draft FC - My Top 20 FPL Draft Rankings,7,Igor Thiago,Brentford,https://www.youtube.com/watch?v=0Igypp5nEuI,2026-08-14
Draft FC - My Top 20 FPL Draft Rankings,8,Ollie Watkins,Aston Villa,https://www.youtube.com/watch?v=0Igypp5nEuI,2026-08-14
Draft FC - My Top 20 FPL Draft Rankings,9,Gabriel,Arsenal,https://www.youtube.com/watch?v=0Igypp5nEuI,2026-08-14
Draft FC - My Top 20 FPL Draft Rankings,10,Morgan Gibbs-White,Nottingham Forest,https://www.youtube.com/watch?v=0Igypp5nEuI,2026-08-14
Draft FC - My Top 20 FPL Draft Rankings,11,Declan Rice,Arsenal,https://www.youtube.com/watch?v=0Igypp5nEuI,2026-08-14
Draft FC - My Top 20 FPL Draft Rankings,12,Bryan Mbeumo,Man Utd,https://www.youtube.com/watch?v=0Igypp5nEuI,2026-08-14
Draft FC - My Top 20 FPL Draft Rankings,13,Antoine Semenyo,Man City,https://www.youtube.com/watch?v=0Igypp5nEuI,2026-08-14
Draft FC - My Top 20 FPL Draft Rankings,14,Morgan Rogers,Chelsea,https://www.youtube.com/watch?v=0Igypp5nEuI,2026-08-14
Draft FC - My Top 20 FPL Draft Rankings,15,Dominik Szoboszlai,Liverpool,https://www.youtube.com/watch?v=0Igypp5nEuI,2026-08-14
Draft FC - My Top 20 FPL Draft Rankings,16,Matheus Cunha,Man Utd,https://www.youtube.com/watch?v=0Igypp5nEuI,2026-08-14
Draft FC - My Top 20 FPL Draft Rankings,17,Benjamin Sesko,Man Utd,https://www.youtube.com/watch?v=0Igypp5nEuI,2026-08-14
Draft FC - My Top 20 FPL Draft Rankings,18,Viktor Gyokeres,Arsenal,https://www.youtube.com/watch?v=0Igypp5nEuI,2026-08-14
Draft FC - My Top 20 FPL Draft Rankings,19,Florian Wirtz,Liverpool,https://www.youtube.com/watch?v=0Igypp5nEuI,2026-08-14
Draft FC - My Top 20 FPL Draft Rankings,20,Rayan Cherki,Man City,https://www.youtube.com/watch?v=0Igypp5nEuI,2026-08-14
The FPL Draft Zone - Top 20 Rankings for FPL Draft 2026/27,1,Erling Haaland,Man City,https://www.youtube.com/watch?v=W2sUovur47A,2026-08-06
The FPL Draft Zone - Top 20 Rankings for FPL Draft 2026/27,2,Bruno Fernandes,Man Utd,https://www.youtube.com/watch?v=W2sUovur47A,2026-08-06
The FPL Draft Zone - Top 20 Rankings for FPL Draft 2026/27,3,Alexander Isak,,https://www.youtube.com/watch?v=W2sUovur47A,2026-08-06
The FPL Draft Zone - Top 20 Rankings for FPL Draft 2026/27,4,Cole Palmer,Chelsea,https://www.youtube.com/watch?v=W2sUovur47A,2026-08-06
The FPL Draft Zone - Top 20 Rankings for FPL Draft 2026/27,5,Joao Pedro,Chelsea,https://www.youtube.com/watch?v=W2sUovur47A,2026-08-06
The FPL Draft Zone - Top 20 Rankings for FPL Draft 2026/27,6,Antoine Semenyo,Man City,https://www.youtube.com/watch?v=W2sUovur47A,2026-08-06
The FPL Draft Zone - Top 20 Rankings for FPL Draft 2026/27,7,Bukayo Saka,Arsenal,https://www.youtube.com/watch?v=W2sUovur47A,2026-08-06
The FPL Draft Zone - Top 20 Rankings for FPL Draft 2026/27,8,Gabriel,Arsenal,https://www.youtube.com/watch?v=W2sUovur47A,2026-08-06
The FPL Draft Zone - Top 20 Rankings for FPL Draft 2026/27,9,Igor Thiago,Brentford,https://www.youtube.com/watch?v=W2sUovur47A,2026-08-06
The FPL Draft Zone - Top 20 Rankings for FPL Draft 2026/27,10,Ollie Watkins,Aston Villa,https://www.youtube.com/watch?v=W2sUovur47A,2026-08-06
The FPL Draft Zone - Top 20 Rankings for FPL Draft 2026/27,11,Declan Rice,,https://www.youtube.com/watch?v=W2sUovur47A,2026-08-06
The FPL Draft Zone - Top 20 Rankings for FPL Draft 2026/27,12,Morgan Gibbs-White,Nottingham Forest,https://www.youtube.com/watch?v=W2sUovur47A,2026-08-06
The FPL Draft Zone - Top 20 Rankings for FPL Draft 2026/27,13,Morgan Rogers,Chelsea,https://www.youtube.com/watch?v=W2sUovur47A,2026-08-06
The FPL Draft Zone - Top 20 Rankings for FPL Draft 2026/27,14,Benjamin Sesko,Man Utd,https://www.youtube.com/watch?v=W2sUovur47A,2026-08-06
The FPL Draft Zone - Top 20 Rankings for FPL Draft 2026/27,15,Bryan Mbeumo,Man Utd,https://www.youtube.com/watch?v=W2sUovur47A,2026-08-06
The FPL Draft Zone - Top 20 Rankings for FPL Draft 2026/27,16,Kai Havertz,Arsenal,https://www.youtube.com/watch?v=W2sUovur47A,2026-08-06
The FPL Draft Zone - Top 20 Rankings for FPL Draft 2026/27,17,Dominik Solanke,Liverpool,https://www.youtube.com/watch?v=W2sUovur47A,2026-08-06
The FPL Draft Zone - Top 20 Rankings for FPL Draft 2026/27,18,Elliot Anderson,Man City,https://www.youtube.com/watch?v=W2sUovur47A,2026-08-06
The FPL Draft Zone - Top 20 Rankings for FPL Draft 2026/27,19,Bruno Guimaraes,,https://www.youtube.com/watch?v=W2sUovur47A,2026-08-06
The FPL Draft Zone - Top 20 Rankings for FPL Draft 2026/27,20,Dominic Calvert-Lewin,Leeds,https://www.youtube.com/watch?v=W2sUovur47A,2026-08-06
